ALVI0001;FEUITOLE;2500.00;2950.00;1.00
ALVI0001;PAQUET20;42000.00;49560.00;20.00
ALVI0002;CART-10P;26000.00;26000.00;10.00
ALVI0002;PAIRE;2700.00;2700.00;1.00
ALVI0003;CART-10P;21000.00;21000.00;10.00
ALVI0003;PAIRE;2000.00;2000.00;1.00
ALVI0004;CART-10P;16000.00;16000.00;10.00
ALVI0004;PAIRE;1500.00;1500.00;1.00
ALVI0005;CART-41;20000.00;20000.00;41.00
ALVI0005;UNT;375.00;375.00;1.00
ALVI0006;CART-10P;33000.00;33000.00;10.00
ALVI0006;PAIRE;3200.00;3200.00;1.00
ALVI0007;UNT;510.00;510.00;1.00
ALVI0008;UNT;510.00;510.00;1.00
ALVI0009;CART-10P;36000.00;36000.00;10.00
ALVI0009;PAIRE;3600.00;3600.00;1.00
ALVI0010;UNT;1200.00;1200.00;1.00
ALVI0011;UNT;24000.00;24000.00;1.00
ALVI0012;UNT;800.00;944.00;1.00
ALVI0013;PQT-10;5500.00;5500.00;1.00
ALVI0014;PQT-10;5500.00;5500.00;1.00
ALVI0015;PQT-10;5500.00;5500.00;1.00
ALVI0016;UNT;2300.00;2714.00;1.00
ALVI0017;UNT;1700.00;2006.00;1.00
ALVI0018;UNT;2000.00;2360.00;1.00
ALVI0019;UNT;2600.00;3068.00;1.00
ALVI0020;CART;20000.00;20000.00;31.00
ALVI0020;UNT;700.00;700.00;1.00
ALVI0021;UNT;1500.00;1.00;1.00
ALVI0022;UNT;3389.83;4000.00;1.00
ALVI0023;UNT;2966.10;3500.00;1.00
ALVI0024;UNT;423.72;500.00;1.00
ALVI0025;UNT;423.72;500.00;1.00
ALVI0026;UNT;3389.83;4000.00;1.00
ALVI0027;UNT;2542.37;3000.00;1.00
AUT00001;UNT;75000.00;75000.00;1.00
AUT00002;UNT;0.84;1.00;1.00
AUT00003;UNT;0.84;1.00;1.00
AUT00004;C-1M²;2542.37;3000.00;1.00
CAFA0001;C-1M²;2203.39;2600.00;1.00
CAFA0002;C-1M²;2203.00;2203.00;1.00
CAFA0003;C-1M²;4237.29;5000.00;1.00
CAFA0004;C-1M²;4237.29;5000.00;1.00
CAFA0005;C-1M²;2203.39;2600.00;1.00
CAFA0006;C-1M²;2203.39;2600.00;1.00
CAFA0007;C-1M²;2203.39;2600.00;1.00
CAFA0008;C-1M²;2118.64;2500.00;1.00
CAFA0009;C-1M²;2118.64;2500.00;1.00
CAFA0010;C-1M²;2118.64;2500.00;1.00
CAFA0011;C-1M²;2118.64;2500.00;1.00
CAFA0012;C-1M²;2118.64;2500.00;1.00
CAFA0013;C-1M²;2118.64;2500.00;1.00
CAFA0014;C-1M²;4406.77;5200.00;1.00
CAFA0015;C-1M²;2033.89;2400.00;1.00
CAFA0016;C-1M²;2033.89;2400.00;1.00
CAFA0017;C-1M²;2203.38;2600.00;1.00
CAFA0018;C-1M²;2372.88;2800.00;1.00
CAFA0019;C-1M²;2033.89;2400.00;1.00
CAFA0020;C-1M²;2033.89;2400.00;1.00
CAFA0021;C-1M²;2033.89;2400.00;1.00
CAFA0022;C-1M²;2033.90;2400.00;1.00
CAFA0024;C-1M²;2033.90;2400.00;1.00
CAFA0025;C-1M²;2033.90;2400.00;1.00
CAFA0026;C-1M²;2033.89;2400.00;1.00
CAFA0027;C-1M²;2033.89;2400.00;1.00
CAFA0028;C-1M²;2033.89;2400.00;1.00
CAFA0029;C-1M²;2033.89;2400.00;1.00
CAFA0030;C-1M²;2033.89;2400.00;1.00
CAFA0031;C-1M²;2118.64;2500.00;1.00
CAFA0032;C-1M²;2118.64;2500.00;1.00
CAFA0033;C-1M²;3050.85;3600.00;1.00
CAFA0034;C-1M²;2711.86;3200.00;1.00
CAFA0035;C-1M²;3050.84;3600.00;1.00
CAFA0036;C-1M²;2288.13;2700.00;1.00
CAFA0037;C-1M²;2118.64;2500.00;1.00
CAFA0038;C-1M²;2118.64;2500.00;1.00
CAFA0039;C-1M²;2118.64;2500.00;1.00
CAFA0041;C-1M²;2118.64;2500.00;1.00
CAFA0042;C-1M²;2118.64;2500.00;1.00
CAFA0043;C-1M²;2118.64;2500.00;1.00
CAFA0044;C-1M²;2966.10;3500.00;1.00
CAFA0045;C-1M²;2542.37;3000.00;1.00
CAFA0046;C-1M²;2457.62;2900.00;1.00
CAFA0047;C-1M²;2542.37;3000.00;1.00
CAFA0048;C-1M²;2542.37;3000.00;1.00
CAFA0049;C-1M²;2542.37;3000.00;1.00
CAFA0050;C-1M²;2542.37;3000.00;1.00
CAFA0051;C-1M²;2542.37;3000.00;1.00
CAFA0052;C-1M²;2542.37;3000.00;1.00
CAFA0053;C-1M²;2542.37;3000.00;1.00
CAFA0054;C-1M²;2542.37;3000.00;1.00
CAFA0055;C-1M²;2372.88;2800.00;1.00
CAFA0056;C-1M²;2542.37;3000.00;1.00
CAFA0057;C-1M²;2542.37;3000.00;1.00
CAFA0058;C-1M²;2542.37;3000.00;1.00
CAFA0059;C-1M²;2542.37;3000.00;1.00
CAFA0060;C-1M²;2542.37;3000.00;1.00
CAFA0061;C-1M²;2542.37;3000.00;1.00
CAFA0062;C-1M²;2542.37;3000.00;1.00
CAFA0063;C-1M²;2542.37;3000.00;1.00
CAFA0064;C-1M²;2542.37;3000.00;1.00
CAFA0065;C-1M²;2542.37;3000.00;1.00
CAFA0066;C-1M²;2542.37;3000.00;1.00
CAFA0067;C-1M²;2542.37;3000.00;1.00
CAFA0068;C-1M²;2542.37;3000.00;1.00
CAFA0069;C-1M²;2542.37;3000.00;1.00
CAFA0070;C-1M²;2542.37;3000.00;1.00
CAFA0071;C-1M²;2542.37;3000.00;1.00
CAFA0072;C-1M²;2542.37;3000.00;1.00
CAFA0073;C-1M²;2542.37;3000.00;1.00
CAFA0074;C-1M²;2372.88;2800.00;1.00
CAFA0075;C-1M²;2542.37;3000.00;1.00
CAFA0076;C-1M²;2542.37;3000.00;1.00
CAFA0077;C-1M²;2542.37;3000.00;1.00
CAFA0079;C-1M²;2542.37;3000.00;1.00
CAFA0080;C-1M²;2542.37;3000.00;1.00
CAFA0081;C-1M²;2542.37;3000.00;1.00
CAFA0082;C-1M²;2542.37;3000.00;1.00
CAFA0084;C-1M²;2542.37;3000.00;1.00
CAFA0085;C-1M²;2542.37;3000.00;1.00
CAFA0086;C-1M²;3389.83;4000.00;1.00
CAFA0087;C-1M²;2542.37;3000.00;1.00
CAFA0088;C-1M²;2542.37;3000.00;1.00
CAFA0089;C-1M²;2542.37;3000.00;1.00
CAFA0090;C-1M²;2542.37;3000.00;1.00
CAFA0091;C-1M²;2542.37;3000.00;1.00
CAFA0093;C-1M²;2542.37;3000.00;1.00
CAFA0094;C-1M²;2542.37;3000.00;1.00
CAFA0095;C-1M²;2372.88;2800.00;1.00
CAFA0096;C-1M²;2542.37;3000.00;1.00
CAFA0097;C-1M²;2542.37;3000.00;1.00
CAFA0098;C-1M²;2542.37;3000.00;1.00
CAFA0099;C-1M²;2542.37;3000.00;1.00
CAFA0100;C-1M²;2542.37;3000.00;1.00
CAFA0101;C-1M²;2542.37;3000.00;1.00
CAFA0102;C-1M²;2542.37;3000.00;1.00
CAFA0103;C-1M²;2542.37;3000.00;1.00
CAFA0104;C-1M²;2457.62;2900.00;1.00
CAFA0105;C-1M²;2542.37;3000.00;1.00
CAFA0106;C-1M²;2457.62;2900.00;1.00
CAFA0107;C-1M²;2457.62;2900.00;1.00
CAFA0108;C-1M²;2457.62;2900.00;1.00
CAFA0109;C-1M²;2457.62;2900.00;1.00
CAFA0110;C-1M²;2457.62;2900.00;1.00
CAFA0111;C-1M²;2457.62;2900.00;1.00
CAFA0112;C-1M²;2457.62;2900.00;1.00
CAFA0113;C-1M²;2542.37;3000.00;1.00
CAFA0114;C-1M²;2118.64;2500.00;1.00
CAFA0115;C-1M²;2542.37;3000.00;1.00
CAFA0116;C-1M²;2542.37;3000.00;1.00
CAFA0117;C-1M²;2542.37;3000.00;1.00
CAFA0118;C-1M²;2542.37;3000.00;1.00
CAFA0119;C-1M²;2372.88;2800.00;1.00
CAFA0120;C-1M²;2372.88;2800.00;1.00
CAFA0121;C-1M²;2372.88;2800.00;1.00
CAFA0122;C-1M²;2118.64;2500.00;1.00
CAFA0123;C-1M²;2542.37;3000.00;1.00
CAFA0124;C-1M²;2457.62;2900.00;1.00
CAFA0125;C-1M²;2457.62;2900.00;1.00
CAFA0126;C-1M²;2457.62;2900.00;1.00
CAFA0127;C-1M²;2372.88;2800.00;1.00
CAFA0128;C-1M²;2372.88;2800.00;1.00
CAFA0129;C-1M²;2118.64;2500.00;1.00
CAFA0130;C-1M²;2288.13;2700.00;1.00
CAFA0131;C-1M²;2288.13;2700.00;1.00
CAFA0132;C-1M²;2288.13;2700.00;1.00
CAFA0133;C-1M²;2288.13;2700.00;1.00
CAFA0134;C-1M²;2288.13;2700.00;1.00
CAFA0135;C-1M²;2288.13;2700.00;1.00
CAFA0136;C-1M²;2711.86;3200.00;1.00
CAFA0137;C-1M²;2542.37;3000.00;1.00
CAFA0138;C-1M²;2542.37;3000.00;1.00
CAFA0139;C-1M²;1016.95;1200.00;1.00
CAFA0140;C-1M²;2372.88;2800.00;1.00
CAFA0141;C-1M²;2542.37;3000.00;1.00
CAFA0142;C-1M²;2542.37;3000.00;1.00
CAFA0143;C-1M²;2542.37;3000.00;1.00
CAFA0144;C-1M²;2542.37;3000.00;1.00
CAFA0145;C-1M²;2542.37;3000.00;1.00
CAFA0146;C-1M²;2542.37;3000.00;1.00
CAFA0147;C-1M²;2542.37;3000.00;1.00
CAFA0148;C-1M²;2542.37;3000.00;1.00
CAFA0149;C-1M²;2711.86;3200.00;1.00
CAFA0150;C-1M²;5084.74;6000.00;1.00
CAFA0151;C-1M²;5084.74;6000.00;1.00
CAFA0152;C-1M²;5084.74;6000.00;1.00
CAFA0153;C-1M²;5254.23;6200.00;1.00
CAFA0154;C-1M²;2966.10;3500.00;1.00
CAFA0155;C-1M²;4661.01;5500.00;1.00
CAFA0156;C-1M²;4661.01;5500.00;1.00
CAFA0157;C-1M²;2118.64;2500.00;1.00
CAFA0158;C-1M²;2372.88;2800.00;1.00
CAFA0159;C-1M²;2118.64;2500.00;1.00
CAFA0160;C-1M²;2542.37;3000.00;1.00
CAFA0161;C-1M²;2372.88;2800.00;1.00
CAFA0162;C-1M²;2372.88;2800.00;1.00
CAFA0163;C-1M²;2372.88;2800.00;1.00
CAFA0165;C-1M²;2372.88;2800.00;1.00
CAFA0166;C-1M²;2372.88;2800.00;1.00
CAFA0167;C-1M²;2372.88;2800.00;1.00
CAFA0168;C-1M²;2372.88;2800.00;1.00
CAFA0169;C-1M²;2457.62;2900.00;1.00
CAFA0170;C-1M²;2372.88;2800.00;1.00
CAFA0171;C-1M²;2372.88;2800.00;1.00
CAFA0172;C-1M²;2372.88;2800.00;1.00
CAFA0175;C-1M²;2372.88;2800.00;1.00
CAFA0176;C-1M²;4661.01;5500.00;1.00
CAFA0177;C-1M²;4661.02;5500.00;1.00
CAFA0178;C-1M²;5084.74;6000.00;1.00
CAFA0179;C-1M²;5084.74;6000.00;1.00
CAFA0180;C-1M²;5084.74;6000.00;1.00
CAFA0181;C-1M²;2118.64;2500.00;1.00
CAFA0182;C-1M²;2118.64;2500.00;1.00
CAFA0183;C-1M²;2118.64;2500.00;1.00
CAFA0184;C-1M²;2118.64;2500.00;1.00
CAFA0185;C-1M²;2118.64;2500.00;1.00
CAFA0186;C-1M²;2118.64;2500.00;1.00
CAFA0187;C-1M²;1864.40;2200.00;1.00
CAFA0188;C-1M²;1864.40;2200.00;1.00
CAFA0189;C-1M²;1864.40;2200.00;1.00
CARO0001;C-1M²;3500.00;4130.00;1.00
CARO0002;C-1M²;3500.00;3500.00;1.00
CARO0003;C-1M²;3500.00;3500.00;1.00
CARO0004;C-1M²;3500.00;3500.00;1.00
CARO0005;C-1M²;3500.00;3500.00;1.00
CARO0006;C-1M²;3500.00;3500.00;1.00
CARO0007;C-1M²;3050.84;3600.00;1.00
CARO0008;C-1M²;3050.84;3600.00;1.00
CARO0009;C-1M²;3050.84;3600.00;1.00
CARO0010;C-1M²;3500.00;3500.00;1.00
CARO0011;C-1M²;3500.00;3500.00;1.00
CARO0012;C-1M²;2700.00;2700.00;1.00
CARO0013;C-1M²;3500.00;3500.00;1.00
CARO0014;C-1M²;3500.00;3500.00;1.00
CARO0015;C-1M²;2900.00;2900.00;1.00
CARO0016;C-1M²;3500.00;3500.00;1.00
CARO0017;C-1M²;3500.00;3500.00;1.00
CARO0018;C-1M²;2500.00;2500.00;1.00
CARO0019;C-1M²;2500.00;2500.00;1.00
CARO0020;C-1M²;2500.00;2500.00;1.00
CARO0021;C-1M²;2500.00;2500.00;1.00
CARO0022;C-1M²;2500.00;2500.00;1.00
CARO0023;C-1M²;2500.00;2500.00;1.00
CARO0024;C-1M²;2500.00;2500.00;1.00
CARO0025;C-1M²;2500.00;2500.00;1.00
CARO0026;C-1M²;2500.00;2500.00;1.00
CARO0027;C-1M²;2500.00;2500.00;1.00
CARO0028;C-1M²;2500.00;2500.00;1.00
CARO0029;C-1M²;2500.00;2500.00;1.00
CARO0030;1-P;350.00;350.00;1.00
CARO0030;C-1M²;2500.00;2500.00;16.00
CARO0031;C-1M²;2500.00;2500.00;1.00
CARO0032;C-1M²;2500.00;2500.00;1.00
CARO0033;C-1M²;2500.00;2500.00;1.00
CARO0034;C-1M²;2500.00;2500.00;1.00
CARO0035;C-1M²;2500.00;2500.00;1.00
CARO0036;C-1M²;2500.00;2500.00;1.00
CARO0037;C-1M²;2500.00;2500.00;1.00
CARO0038;C-1M²;2500.00;2500.00;1.00
CARO0039;C-1M²;2500.00;2500.00;1.00
CARO0040;C-1M²;2500.00;2500.00;1.00
CARO0041;C-1M²;2000.00;2000.00;1.00
CARO0042;C-1M²;2500.00;2500.00;1.00
CARO0043;C-1M²;2500.00;2500.00;1.00
CARO0044;C-1M²;2500.00;2500.00;1.00
CARO0045;C-1M²;2500.00;2500.00;1.00
CARO0046;C-1M²;2500.00;2950.00;1.00
CARO0047;C-1M²;2500.00;2500.00;1.00
CARO0048;C-1M²;2500.00;2500.00;1.00
CARO0049;C-1M²;2500.00;2500.00;1.00
CARO0050;C-1M²;2500.00;2500.00;1.00
CARO0051;C-1M²;2500.00;2500.00;1.00
CARO0052;C-1M²;2500.00;2500.00;1.00
CARO0053;C-1M²;2500.00;2500.00;1.00
CARO0054;C-1M²;2500.00;2500.00;1.00
CARO0055;C-1M²;2500.00;2500.00;1.00
CARO0056;C-1M²;2500.00;2950.00;1.00
CARO0057;C-1M²;2500.00;2500.00;1.00
CARO0058;C-1M²;2500.00;2500.00;1.00
CARO0059;C-1M²;2500.00;2500.00;1.00
CARO0060;C-1M²;2500.00;2500.00;1.00
CARO0061;C-1M²;2500.00;2500.00;1.00
CARO0062;C-1M²;2500.00;2500.00;1.00
CARO0063;C-1M²;2500.00;2500.00;1.00
CARO0064;C-1M²;2500.00;2500.00;1.00
CARO0065;C-1M²;2500.00;2500.00;1.00
CARO0066;C-1M²;2500.00;2500.00;1.00
CARO0067;C-1M²;2500.00;2500.00;1.00
CARO0068;C-1M²;2500.00;2500.00;1.00
CARO0069;C-1M²;2500.00;2500.00;1.00
CARO0070;C-1M²;2500.00;2500.00;1.00
CARO0071;C-1M²;2500.00;2500.00;1.00
CARO0072;C-1M²;2500.00;2500.00;1.00
CARO0073;C-1M²;6500.00;6500.00;1.00
CARO0074;C-1M²;5500.00;5500.00;1.00
CARO0075;C-1M²;4050.00;4779.00;1.00
CARO0076;C-1M²;4050.00;4050.00;1.00
CARO0077;C-1M²;5500.00;5500.00;1.00
CARO0078;C-1M²;5500.00;5500.00;1.00
CARO0079;C-1M²;2900.00;2900.00;1.00
CARO0080;C-1M²;3500.00;3500.00;1.00
CARO0081;C-1M²;4237.28;5000.00;1.00
CARO0082;C-1M²;2500.00;2500.00;1.00
CARO0083;C-1M²;2500.00;2500.00;1.00
CARO0084;C-1M²;2500.00;2500.00;1.00
CARO0085;C-1M²;2500.00;2500.00;1.00
CARO0086;C-1M²;2500.00;2500.00;1.00
CARO0087;C-1M²;2500.00;2500.00;1.00
CARO0088;C-1M²;2500.00;2500.00;1.00
CARO0089;C-1M²;2500.00;2500.00;1.00
CARO0090;C-1M²;2500.00;2500.00;1.00
CARO0091;C-1M²;2500.00;2500.00;1.00
CARO0092;C-1M²;2950.00;2950.00;1.00
CARO0093;C-1M²;2500.00;2500.00;1.00
CARO0094;C-1M²;2500.00;2500.00;1.00
CARO0095;C-1M²;2500.00;2500.00;1.00
CARO0096;C-1M²;2500.00;2500.00;1.00
CARO0097;UNT;3000.00;2500.00;1.00
CARO0098;C-1M²;4000.00;4000.00;1.00
CARO0099;C-1M²;4000.00;4000.00;1.00
CARO0100;C-1M²;5200.00;5200.00;1.00
CARO0101;C-1M²;4600.00;4600.00;1.00
CARO0102;C-1M²;4237.28;5000.00;1.00
CARO0103;C-1M²;4661.01;5500.00;1.00
CARO0104;C-1M²;4050.00;4050.00;1.00
CARO0105;C-1M²;4800.00;4800.00;1.00
CARO0106;C-1M²;1900.00;1900.00;1.00
CARO0107;C-1M²;2500.00;2500.00;1.00
CARO0108;C-1M²;2500.00;2500.00;1.00
CARO0109;C-1M²;2500.00;2500.00;1.00
CARO0110;C-1M²;1900.00;1900.00;1.00
CARO0111;C-1M²;4000.00;4000.00;1.00
CARO0112;C-1M²;1900.00;1900.00;1.00
CARO0113;C-1M²;4800.00;4800.00;1.00
CARO0114;C-1M²;1900.00;1900.00;1.00
CARO0115;C-1M²;4800.00;4800.00;1.00
CARO0116;C-1M²;4800.00;4800.00;1.00
CARO0117;C-1M²;4800.00;4800.00;1.00
CARO0118;C-1M²;4000.00;4000.00;1.00
CARO0119;C-1M²;1900.00;1900.00;1.00
CARO0120;C-1M²;4700.00;4700.00;1.00
CARO0121;C-1M²;1900.00;1900.00;1.00
CARO0122;C-1M²;1900.00;1900.00;1.00
CARO0123;C-1M²;1900.00;1900.00;1.00
CARO0124;C-1M²;1900.00;1900.00;1.00
CARO0125;C-1M²;1900.00;1900.00;1.00
CARO0126;C-1M²;1900.00;1900.00;1.00
CARO0127;C-1M²;1900.00;1900.00;1.00
CARO0128;C-1M²;1900.00;1900.00;1.00
CARO0129;C-1M²;1900.00;1900.00;1.00
CARO0130;C-1M²;1900.00;1900.00;1.00
CARO0131;C-1M²;1900.00;1900.00;1.00
CARO0132;C-1M²;1900.00;1900.00;1.00
CARO0133;C-1M²;4237.00;5000.00;1.00
CARO0134;C-1M²;4800.00;4800.00;1.00
CARO0135;C-1M²;1900.00;1900.00;1.00
CARO0136;C-1M²;4200.00;4200.00;1.00
CARO0137;C-1M²;4800.00;4800.00;1.00
CARO0138;C-1M²;2900.00;2900.00;1.00
CARO0139;C-1M²;2900.00;2900.00;1.00
CARO0140;C-1M²;2250.00;2250.00;1.00
CARO0141;C-1M²;2250.00;2250.00;1.00
CARO0142;C-1M²;2250.00;2250.00;1.00
CARO0143;C-1M²;2250.00;2250.00;1.00
CARO0144;C-1M²;2250.00;2250.00;1.00
CARO0145;C-1M²;2250.00;2250.00;1.00
CARO0146;C-1M²;2250.00;2250.00;1.00
CARO0147;C-1M²;2250.00;2250.00;1.00
CARO0148;C-1M²;2150.00;2150.00;1.00
CARO0149;C-1M²;2150.00;2150.00;1.00
CARO0150;C-1M²;2150.00;2150.00;1.00
CARO0151;C-1M²;4500.00;4500.00;1.00
CARO0152;C-1M²;4200.00;4200.00;1.00
CARO0153;C-1M²;4500.00;4500.00;1.00
CARO0154;C-1M²;4500.00;4500.00;1.00
CARO0155;C-1M²;2150.00;2150.00;1.00
CARO0156;C-1M²;2150.00;2150.00;1.00
CARO0157;C-1M²;2150.00;2150.00;1.00
CARO0158;C-1M²;2150.00;2150.00;1.00
CARO0159;C-1M²;2100.00;2100.00;1.00
CARO0160;C-1M²;2150.00;2150.00;1.00
CARO0161;C-1M²;2800.00;2800.00;1.00
CARO0162;C-1M²;2150.00;2150.00;1.00
CARO0163;C-1M²;2650.00;2650.00;1.00
CARO0164;C-1M²;2650.00;2650.00;1.00
CARO0165;C-1M²;4700.00;4700.00;1.00
CARO0166;C-1M²;4700.00;4700.00;1.00
CARO0167;C-1M²;4700.00;4700.00;1.00
CARO0168;C-1M²;4000.00;4000.00;1.00
CARO0169;C-1M²;4500.00;4500.00;1.00
CARO0170;C-1M²;4500.00;4500.00;1.00
CARO0171;C-1M²;4500.00;4500.00;1.00
CARO0172;C-1M²;4500.00;4500.00;1.00
CARO0173;C-1M²;4500.00;4500.00;1.00
CARO0174;C-1M²;4500.00;4500.00;1.00
CARO0175;C-1M²;4500.00;4500.00;1.00
CARO0176;C-1M²;4500.00;4500.00;1.00
CARO0177;C-1M²;4500.00;4500.00;1.00
CARO0178;C-1M²;4500.00;4500.00;1.00
CARO0179;C-1M²;2650.00;2650.00;1.00
CARO0180;C-1M²;2650.00;2650.00;1.00
CARO0181;C-1M²;2650.00;2650.00;1.00
CARO0182;C-1M²;2650.00;2650.00;1.00
CARO0183;C-1M²;2650.00;2650.00;1.00
CARO0184;C-1M²;2650.00;2650.00;1.00
CARO0185;C-1M²;2650.00;2650.00;1.00
CARO0186;C-1M²;2650.00;2650.00;1.00
CARO0187;C-1M²;2650.00;2650.00;1.00
CARO0188;C-1M²;2650.00;2650.00;1.00
CARO0189;C-1M²;2650.00;2650.00;1.00
CARO0190;C-1M²;2650.00;2650.00;1.00
CARO0191;C-1M²;2650.00;2650.00;1.00
CARO0192;C-1M²;2650.00;2650.00;1.00
CARO0193;C-1M²;2650.00;2650.00;1.00
CARO0194;C-1M²;2650.00;2650.00;1.00
CARO0195;C-1M²;2650.00;2650.00;1.00
CARO0196;C-1M²;2650.00;2650.00;1.00
CARO0197;C-1M²;0.00;0.00;1.00
CARO0197;CART-25;25000.00;25000.00;12.00
CARO0198;C-1M²;4000.00;4000.00;1.00
CARO0199;C-1M²;4000.00;4720.00;1.00
CARO0200;C-1M²;4237.28;5000.00;1.00
CARO0201;C-1M²;2350.00;2350.00;1.00
CARO0202;C-1M²;2350.00;2350.00;1.00
CARO0203;C-1M²;2350.00;2350.00;1.00
CARO0204;C-1M²;2350.00;2350.00;1.00
CARO0205;C-1M²;2350.00;2350.00;1.00
CARO0206;C-1M²;2350.00;2350.00;1.00
CARO0207;C-1M²;2350.00;2350.00;1.00
CARO0208;C-1M²;2350.00;2350.00;1.00
CARO0209;C-1M²;2350.00;2350.00;1.00
CARO0210;C-1M²;2350.00;2350.00;1.00
CARO0211;C-1M²;2350.00;2350.00;1.00
CARO0212;C-1M²;2350.00;2350.00;1.00
CARO0213;C-1M²;2050.00;2050.00;1.00
CARO0214;C-1M²;2150.00;2150.00;1.00
CARO0215;C-1M²;2150.00;2150.00;1.00
CARO0216;C-1M²;2150.00;2150.00;1.00
CARO0217;C-1M²;2150.00;2150.00;1.00
CARO0218;C-1M²;2150.00;2150.00;1.00
CARO0220;C-1M²;2700.00;2700.00;1.00
CARO0221;C-1M²;2700.00;2700.00;1.00
CARO0222;C-1M²;2700.00;2700.00;1.00
CARO0223;C-1M²;2800.00;2800.00;1.00
CARO0224;C-1M²;2500.00;2500.00;1.00
CARO0225;C-1M²;2500.00;2500.00;1.00
CARO0226;C-1M²;2500.00;2500.00;1.00
CARO0227;C-1M²;2500.00;2500.00;1.00
CARO0228;C-1M²;2500.00;2500.00;1.00
CARO0229;C-1M²;2500.00;2500.00;1.00
CARO0230;C-1M²;2500.00;2500.00;1.00
CARO0231;C-1M²;2500.00;2500.00;1.00
CARO0232;C-1M²;2500.00;2500.00;1.00
CARO0233;C-1M²;3300.00;3540.00;1.00
CARO0234;C-1M²;2500.00;2500.00;1.00
CARO0235;C-1M²;2500.00;2500.00;1.00
CARO0236;C-1M²;2500.00;2500.00;1.00
CARO0237;C-1M²;2400.00;2400.00;1.00
CARO0238;C-1M²;4400.00;4400.00;1.00
CARO0239;C-1M²;4400.00;4400.00;1.00
CARO0240;C-1M²;2600.00;2600.00;1.00
CARO0241;C-1M²;2600.00;2600.00;1.00
CARO0242;C-1M²;2400.00;2400.00;1.00
CARO0243;C-1M²;2400.00;2400.00;1.00
CARO0244;C-1M²;2400.00;2400.00;1.00
CARO0245;C-1M²;2550.00;2550.00;1.00
CARO0246;C-1M²;2550.00;2550.00;1.00
CARO0247;C-1M²;3400.00;2550.00;1.00
CARO0248;C-1M²;2100.00;2100.00;1.00
CARO0249;C-1M²;2100.00;2100.00;1.00
CARO0250;C-1M²;2100.00;2100.00;1.00
CARO0251;C-1M²;2100.00;2100.00;1.00
CARO0252;C-1M²;2100.00;2100.00;1.00
CARO0253;C-1M²;2100.00;2100.00;1.00
CARO0254;C-1M²;2100.00;2100.00;1.00
CARO0255;C-1M²;2100.00;2100.00;1.00
CARO0256;C-1M²;2100.00;2100.00;1.00
CARO0257;C-1M²;2100.00;2100.00;1.00
CARO0258;C-1M²;2100.00;2100.00;1.00
CARO0259;C-1M²;2100.00;2100.00;1.00
CARO0260;C-1M²;2100.00;2100.00;1.00
CARO0261;C-1M²;2100.00;2100.00;1.00
CARO0262;C-1M²;2100.00;2100.00;1.00
CARO0263;C-1M²;2900.00;2900.00;1.00
CARO0264;C-1M²;4650.00;4650.00;1.00
CARO0265;C-1M²;4650.00;4650.00;1.00
CARO0266;C-1M²;4650.00;4650.00;1.00
CARO0267;C-1M²;5300.00;5300.00;1.00
CARO0268;C-1M²;5300.00;5300.00;1.00
CARO0269;C-1M²;3500.00;3500.00;1.00
CARO0269;PIECE;500.00;500.00;0.10
CARO0270;C-1M²;3500.00;3500.00;1.00
CARO0270;PIECE;500.00;500.00;1.00
CARO0271;C-1M²;3500.00;3500.00;1.00
CARO0271;PIECE;500.00;500.00;0.10
CARO0272;C-1M²;3500.00;3500.00;1.00
CARO0272;PIECE;500.00;500.00;0.10
CARO0273;C-1M²;3500.00;3500.00;1.00
CARO0273;PIECE;500.00;500.00;1.00
CARO0274;C-1M²;15000.00;3501.00;1.00
CARO0274;PIECE;500.00;500.00;0.10
CARO0275;C-1M²;2600.00;2600.00;1.00
CARO0276;C-1M²;2600.00;2600.00;1.00
CARO0277;C-1M²;2900.00;2900.00;1.00
CARO0278;C-1M²;2900.00;2900.00;1.00
CARO0279;C-1M²;2125.00;2125.00;1.00
CARO0280;C-1M²;2125.00;2125.00;1.00
CARO0281;C-1M²;2125.00;2125.00;1.00
CARO0282;C-1M²;2125.00;2125.00;1.00
CARO0283;C-1M²;2900.00;2900.00;1.00
CARO0284;C-1M²;2125.00;2125.00;1.00
CARO0285;C-1M²;2125.00;2125.00;1.00
CARO0286;C-1M²;2600.00;2600.00;1.00
CARO0287;C-1M²;2600.00;2600.00;1.00
CARO0288;C-1M²;2600.00;2600.00;1.00
CARO0289;C-1M²;2600.00;2600.00;1.00
CARO0290;C-1M²;2600.00;2600.00;1.00
CARO0291;C-1M²;2200.00;2200.00;1.00
CARO0292;C-1M²;2200.00;2200.00;1.00
CARO0293;C-1M²;2200.00;2200.00;1.00
CARO0294;C-1M²;2200.00;2200.00;1.00
CARO0296;C-1M²;4600.00;4600.00;1.00
CARO0297;C-1M²;4600.00;4600.00;1.00
CARO0298;C-1M²;4600.00;4600.00;1.00
CARO0299;C-1M²;4600.00;4600.00;1.00
CARO0300;C-1M²;2700.00;2700.00;1.00
CARO0301;C-1M²;2200.00;2200.00;1.00
CARO0302;C-1M²;2200.00;2200.00;1.00
CARO0303;C-1M²;2200.00;2200.00;1.00
CARO0304;C-1M²;2200.00;2200.00;1.00
CARO0305;C-1M²;2900.00;2900.00;1.00
CARO0306;C-1M²;2900.00;2900.00;1.00
CARO0307;C-1M²;2600.00;2600.00;1.00
CARO0308;C-1M²;2500.00;2500.00;1.00
CARO0309;C-1M²;2600.00;3068.00;1.00
CARO0310;C-1M²;2600.00;2600.00;1.00
CARO0311;C-1M²;2600.00;2600.00;1.00
CARO0312;C-1M²;2600.00;2600.00;1.00
CARO0313;C-1M²;2200.00;2200.00;1.00
CARO0314;C-1M²;2200.00;2200.00;1.00
CARO0315;C-1M²;2200.00;2200.00;1.00
CARO0316;C-1M²;2225.00;2225.00;1.00
CARO0317;C-1M²;2225.00;2225.00;1.00
CARO0318;C-1M²;2225.00;2225.00;1.00
CARO0319;C-1M²;4200.00;4200.00;1.00
CARO0320;C-1M²;4300.00;5074.00;1.00
CARO0321;C-1M²;2900.00;2900.00;1.00
CARO0322;C-1M²;2900.00;2900.00;1.00
CARO0324;C-1M²;2900.00;2900.00;1.00
CARO0325;C-1M²;2900.00;2900.00;1.00
CARO0326;C-1M²;2900.00;2900.00;1.00
CARO0327;C-1M²;2900.00;2900.00;1.00
CARO0329;C-1M²;2900.00;2900.00;1.00
CARO0330;C-1M²;2900.00;2900.00;1.00
CARO0331;C-1M²;3300.00;3300.00;1.00
CARO0332;C-1M²;3300.00;3300.00;1.00
CARO0333;C-1M²;3300.00;3894.00;1.00
CARO0334;C-1M²;2900.00;2900.00;1.00
CARO0335;C-1M²;3300.00;3300.00;1.00
CARO0336;C-1M²;3300.00;3300.00;1.00
CARO0337;C-1M²;3300.00;3300.00;1.00
CARO0339;C-1M²;3300.00;3300.00;1.00
CARO0340;C-1M²;3300.00;3300.00;1.00
CARO0341;C-1M²;3300.00;3300.00;1.00
CARO0342;C-1M²;3300.00;3300.00;1.00
CARO0343;C-1M²;2125.00;2125.00;1.00
CARO0344;C-1M²;2150.00;2150.00;1.00
CARO0345;C-1M²;2150.00;2150.00;1.00
CARO0346;C-1M²;2200.00;2200.00;1.00
CARO0347;C-1M²;2400.00;2400.00;1.00
CARO0348;C-1M²;2200.00;2200.00;1.00
CARO0349;C-1M²;2200.00;2200.00;1.00
CARO0350;C-1M²;2200.00;2200.00;1.00
CARO0351;C-1M²;2542.37;3000.00;1.00
CARO0352;C-1M²;2200.00;2200.00;1.00
CARO0353;C-1M²;2200.00;2200.00;1.00
CARO0354;C-1M²;2200.00;2200.00;1.00
CARO0355;C-1M²;2200.00;2200.00;1.00
CARO0356;C-1M²;4750.00;4750.00;1.00
CARO0358;C-1M²;4750.00;4750.00;1.00
CARO0359;C-1M²;4650.00;4650.00;1.00
CARO0360;C-1M²;4650.00;4650.00;1.00
CARO0361;C-1M²;4650.00;4650.00;1.00
CARO0362;C-1M²;1864.40;2200.00;1.00
CARO0363;C-1M²;1864.40;2200.00;1.00
CARO0364;C-1M²;1864.40;2200.00;1.00
CARO0365;C-1M²;1864.40;2200.00;1.00
CARO0366;C-1M²;1864.40;2200.00;1.00
CARO0367;C-1M²;1864.40;2200.00;1.00
CARO0368;C-1M²;3389.83;4000.00;1.00
CARO0369;C-1M²;2966.10;3500.00;1.00
CARO0370;PAQUET20;39830.50;47000.00;20.00
CARO0371;C-1M²;2966.10;3500.00;1.00
CARO0372;C-1M²;2966.10;3500.00;1.00
CARO0373;C-1M²;2966.10;3500.00;1.00
CARO0374;C-1M²;1949.15;2300.00;1.00
CARO0375;C-1M²;1949.15;2300.00;1.00
CARO0376;C-1M²;1949.15;2300.00;1.00
CARO0377;C-1M²;1864.41;2200.00;1.00
CARO0378;C-1M²;2966.10;3500.00;1.00
CARO0379;UNT;2457.62;2900.00;1.00
CARO0380;C-1M²;3813.55;4500.00;1.00
CARO0381;C-1M²;3813.56;4500.00;1.00
CARO0382;C-1M²;3813.55;4500.00;1.00
CARO0383;C-1M²;3813.55;4500.00;1.00
CARO0384;C-1M²;4237.28;5000.00;1.00
CARO0385;C-1M²;4237.28;5000.00;1.00
CARO0386;C-1M²;4237.28;5000.00;1.00
CARO0387;C-1M²;4237.29;5000.00;1.00
CARO0388;C-1M²;3813.55;4500.00;1.00
CARO0389;C-1M²;4237.28;5000.00;1.00
CARO0390;C-1M²;2966.10;3500.00;1.00
CARO0391;C-1M²;2966.10;3500.00;1.00
CARO0392;C-1M²;2966.10;3500.00;1.00
CARO0393;C-1M²;2966.10;3500.00;1.00
CARO0394;C-1M²;2966.10;3500.00;1.00
CARO0395;C-1M²;2966.10;3500.00;1.00
CARO0396;C-1M²;2966.10;3500.00;1.00
CARO0397;C-1M²;2966.10;3500.00;1.00
CARO0398;C-1M²;2966.10;3500.00;1.00
CARO0399;C-1M²;2966.10;3500.00;1.00
CARO0400;C-1M²;1313.55;1550.00;1.00
CARO0401;C-1M²;2966.10;3500.00;1.00
CARO0402;C-1M²;2966.10;3500.00;1.00
CARO0403;C-1M²;2966.10;3500.00;1.00
CARO0404;C-1M²;2966.10;3500.00;1.00
CARO0405;C-1M²;2966.10;3500.00;1.00
CARO0406;C-1M²;2966.10;3500.00;1.00
CARO0407;C-1M²;2966.10;3500.00;1.00
CARO0408;C-1M²;7627.12;9000.00;1.00
CARO0409;C-1M²;2966.10;3500.00;1.00
CARO0410;C-1M²;2966.10;3500.00;1.00
CARO0411;C-1M²;2966.10;3500.00;1.00
CARO0412;C-1M²;2203.38;2600.00;1.00
CARO0413;C-1M²;2203.38;2600.00;1.00
CARO0414;C-1M²;2203.38;2600.00;1.00
CARO0415;SACS-1;2203.38;2600.00;1.00
CARO0416;C-1M²;2203.38;2600.00;1.00
CARO0417;C-1M²;2203.39;2600.00;1.00
CARO0418;COL-4;17796.61;21000.00;4.00
CARO0419;C-1M²;2203.38;2600.00;1.00
CARO0420;C-1M²;2203.38;2600.00;1.00
CARO0421;C-1M²;2203.38;2600.00;1.00
CASO0001;C-1M²;4237.28;5000.00;1.00
CASO0002;C-1M²;4237.28;5000.00;1.00
CASO0003;C-1M²;4237.28;5000.00;1.00
CASO0004;C-1M²;4237.28;5000.00;1.00
CASO0005;C-1M²;4237.28;5000.00;1.00
CASO0006;C-1M²;4237.29;5000.00;1.00
CASO0007;C-1M²;2542.37;3400.00;1.00
CASO0008;C-1M²;2542.37;3000.00;1.00
CASO0009;C-1M²;4406.77;5200.00;1.00
CASO0010;C-1M²;4406.78;5200.00;1.00
CASO0011;C-1M²;4237.28;5000.00;1.00
CASO0012;C-1M²;4237.28;5000.00;1.00
CASO0013;C-1M²;4237.28;5000.00;1.00
CASO0014;C-1M²;4237.28;5000.00;1.00
CASO0015;C-1M²;4661.01;5500.00;1.00
CASO0016;C-1M²;4237.28;5000.00;1.00
CASO0017;C-1M²;3050.84;3600.00;1.00
CASO0018;C-1M²;3050.84;3600.00;1.00
CASO0019;C-1M²;3050.85;3600.00;1.00
CASO0020;C-1M²;3050.84;3600.00;1.00
CASO0021;C-1M²;3050.84;3600.00;1.00
CASO0022;C-1M²;3050.84;3600.00;1.00
CASO0023;C-1M²;3050.84;3600.00;1.00
CASO0024;C-1M²;2288.13;2700.00;1.00
CASO0025;C-1M²;4237.28;5000.00;1.00
CASO0026;C-1M²;4237.28;5000.00;1.00
CASO0028;C-1M²;3050.84;3600.00;1.00
CASO0029;C-1M²;3050.84;3600.00;1.00
CASO0030;C-1M²;4237.28;5000.00;1.00
CASO0031;C-1M²;4237.28;5000.00;1.00
CASO0032;C-1M²;4237.28;5000.00;1.00
CASO0033;C-1M²;4237.28;5000.00;1.00
CASO0034;C-1M²;4915.25;5800.00;1.00
CASO0035;C-1M²;2542.37;3000.00;1.00
CASO0036;C-1M²;4406.77;5200.00;1.00
CASO0037;C-1M²;4406.77;5200.00;1.00
CASO0038;C-1M²;3389.83;4000.00;1.00
CASO0039;C-1M²;3389.83;4000.00;1.00
CASO0040;C-1M²;3389.83;4000.00;1.00
CASO0041;C-1M²;3389.83;4000.00;1.00
CASO0042;C-1M²;4661.01;5500.00;1.00
CASO0043;C-1M²;2966.10;3500.00;1.00
CASO0044;C-1M²;2966.10;3500.00;1.00
CASO0045;C-1M²;2966.10;3500.00;1.00
CASO0046;C-1M²;6355.93;7500.00;1.00
CASO0047;C-1M²;6355.93;7500.00;1.00
CASO0048;C-1M²;6355.93;7500.00;1.00
CASO0049;C-1M²;5932.20;7000.00;1.00
CASO0050;C-1M²;2542.37;3000.00;1.00
CASO0051;C-1M²;2711.86;3200.00;1.00
CASO0052;C-1M²;2966.10;3500.00;1.00
CASO0053;C-1M²;2966.10;3500.00;1.00
CASO0054;C-1M²;2966.10;3500.00;1.00
CASO0055;C-1M²;2966.10;3500.00;1.00
CASO0056;C-1M²;2966.10;3500.00;1.00
CASO0057;C-1M²;2711.86;3200.00;1.00
CASO0058;C-1M²;2711.86;3200.00;1.00
CASO0059;C-1M²;3813.55;4500.00;1.00
CASO0060;C-1M²;4237.28;5000.00;1.00
CASO0061;C-1M²;5508.47;6500.00;1.00
CASO0062;C-1M²;4237.28;5000.00;1.00
CASO0064;C-1M²;4237.28;5000.00;1.00
CASO0065;C-1M²;4237.28;5000.00;1.00
CASO0066;C-1M²;4237.28;5000.00;1.00
CASO0067;C-1M²;4237.28;5000.00;1.00
CASO0068;C-1M²;2966.10;3500.00;1.00
CASO0069;C-1M²;2966.10;3500.00;1.00
CASO0070;C-1M²;2966.10;3500.00;1.00
CASO0071;C-1M²;2966.10;3500.00;1.00
CASO0072;C-1M²;2966.10;3500.00;1.00
CASO0073;C-1M²;2966.10;3500.00;1.00
CASO0074;C-1M²;2966.10;3500.00;1.00
CASO0075;C-1M²;2966.10;3500.00;1.00
CASO0076;C-1M²;2966.10;3500.00;1.00
CASO0077;C-1M²;3093.22;3650.00;1.00
CASO0078;C-1M²;4237.28;5000.00;1.00
CASO0079;C-1M²;4237.29;5000.00;1.00
CASO0080;C-1M²;4237.28;5000.00;1.00
CASO0081;C-1M²;4237.28;5000.00;1.00
CASO0082;C-1M²;4237.28;5000.00;1.00
CASO0083;C-1M²;4237.28;5000.00;1.00
CASO0084;C-1M²;4237.28;5000.00;1.00
CASO0085;C-1M²;4237.28;5000.00;1.00
CASO0086;C-1M²;2118.64;2500.00;1.00
CASO0087;C-1M²;2542.37;3000.00;1.00
CASO0088;C-1M²;2372.88;2800.00;1.00
CASO0089;C-1M²;2542.37;3000.00;1.00
CASO0090;C-1M²;2542.37;3000.00;1.00
CASO0091;C-1M²;2542.37;3000.00;1.00
CASO0092;C-1M²;5084.74;6000.00;1.00
CASO0093;C-1M²;5084.74;6000.00;1.00
CASO0094;C-1M²;5084.74;6000.00;1.00
CASO0095;C-1M²;5084.74;6000.00;1.00
CASO0096;C-1M²;2966.10;3500.00;1.00
CASO0097;C-1M²;3813.55;4500.00;1.00
CASO0098;C-1M²;4237.28;5000.00;1.00
CASO0099;C-1M²;3813.55;4500.00;1.00
CASO0100;C-1M²;3813.55;4500.00;1.00
CASO0101;C-1M²;3813.55;4500.00;1.00
CASO0102;C-1M²;4661.01;5500.00;1.00
CASO0103;C-1M²;2457.63;2900.00;1.00
CASO0104;C-1M²;2288.13;2700.00;1.00
CASO0105;C-1M²;2542.37;3000.00;1.00
CASO0106;C-1M²;2711.86;3200.00;1.00
CASO0107;C-1M²;2372.88;2800.00;1.00
CASO0108;C-1M²;2118.64;2500.00;1.00
CASO0109;C-1M²;2542.37;3000.00;1.00
CASO0110;C-1M²;4237.29;5000.00;1.00
CASO0111;C-1M²;4237.29;5000.00;1.00
CASO0112;C-1M²;4067.79;4800.00;1.00
CASO0113;C-1M²;4237.28;5000.00;1.00
CASO0114;C-1M²;4237.29;5000.00;1.00
CASO0115;C-1M²;5084.74;6000.00;1.00
CASO0116;C-1M²;5084.74;6000.00;1.00
CASO0117;C-1M²;5084.74;6000.00;1.00
CASO0118;C-1M²;2711.86;3200.00;1.00
CASO0119;C-1M²;2711.86;3200.00;1.00
CASO0120;C-1M²;2711.86;3200.00;1.00
CASO0121;C-1M²;2711.86;3200.00;1.00
CASO0122;C-1M²;2711.86;3200.00;1.00
CHCH0001;M;4237.28;5000.00;1.00
CHCH0002;PAQUET20;29661.01;35000.00;20.00
CHCH0003;PAQUET20;29661.01;35000.00;20.00
CHCH0004;PAQUET20;29661.01;35000.00;20.00
CHCH0005;PAQUET20;29661.01;35000.00;20.00
CHCH0006;CART24B;101694.91;120000.00;24.00
CHCH0007;UNT;2966.10;3500.00;1.00
CHCH0008;UNT;9322.03;11000.00;1.00
CHCH0009;UNT;9322.03;11000.00;1.00
CHCH0010;PAQUET20;28813.55;34000.00;20.00
CHCH0011;PAQUET20;28813.55;34000.00;1.00
CHCH0012;PAQUET20;45762.71;54000.00;1.00
CHCH0013;PAQUET20;38559.32;45500.00;1.00
CHCH0014;PAQUET20;38559.32;45500.00;1.00
CHCH0015;PAQUET20;0.84;1.00;1.00
CHCH0016;RLX;7627.11;9000.00;25.00
CHCH0017;RLX;7627.11;9000.00;50.00
CHCH0018;RLX;7627.11;9000.00;50.00
CHCH0019;PAQUET20;33050.84;39000.00;1.00
CHCH0020;PAQUET20;29661.01;35000.00;20.00
CHCH0021;PAQUET20;32203.38;38000.00;20.00
CHCH0022;PAQUET20;29661.01;35000.00;20.00
CHCH0023;PAQUET20;33898.30;40000.00;20.00
CHCH0024;PAQUET20;38135.59;45000.00;20.00
CHCH0025;PAQUET20;50847.45;60000.00;20.00
CHCH0026;PAQUET20;50847.45;60000.00;20.00
CHCH0027;PAQUET20;32203.38;38000.00;20.00
CHCH0028;PAQUET20;33898.30;40000.00;20.00
CHCH0029;PAQUET20;41949.15;49500.00;20.00
CHCH0030;PAQUET20;32203.38;38000.00;20.00
CHCH0031;PAQUET20;32203.38;38000.00;20.00
CHCH0032;PAQUET20;38135.59;45000.00;20.00
CHCH0033;PAQUET20;38135.59;45000.00;20.00
CHCH0034;PAQUET20;38135.59;45000.00;20.00
CHCH0035;PAQUET20;38135.59;45000.00;20.00
CHCH0036;PAQUET20;33898.30;40000.00;20.00
CHCH0037;PAQUET20;35593.22;42000.00;20.00
CHCH0038;UNT;4237.28;5000.00;1.00
CHCH0039;UNT;4237.28;5000.00;1.00
CHCH0040;UNT;21186.44;25000.00;1.00
CHCH0041;UNT;2542.37;3000.00;1.00
CHCH0042;UNT;6779.66;8000.00;1.00
CHCH0043;PAQUET20;39830.50;47000.00;1.00
CHCH0044;UNT;21186.44;25000.00;1.00
CHCH0045;PAQUET20;44067.79;52000.00;1.00
CHCH0046;PAQUET20;34745.76;41000.00;20.00
CHCH0047;PAQUET20;43220.33;51000.00;20.00
CHCH0048;PAQUET20;43220.33;51000.00;20.00
CHCH0049;PAQUET20;44915.25;53000.00;20.00
CHCH0050;PAQUET20;44491.53;52500.00;20.00
CHCH0051;FEUITOLE;2118.64;2500.00;1.00
CHCH0051;PAQUET20;42372.88;50000.00;20.00
CHCH0052;PAQUET20;38135.59;45000.00;20.00
CHCH0053;UNT;6779.66;8000.00;1.00
CHCH0054;UNT;6779.66;8000.00;1.00
CHCH0055;UNT;6779.66;8000.00;1.00
CHCH0056;C-1M²;3559.32;4200.00;1.00
CHCH0057;FEUITOLE;1949.15;2300.00;1.00
CHCH0057;PAQUET20;44491.52;52500.00;20.00
CHCH0058;FEUITOLE;1694.91;2000.00;1.00
CHCH0058;PAQUET20;42372.88;50000.00;1.00
CHCH0059;UNT;3389.83;4000.00;1.00
CHCH0060;UNT;2966.10;3500.00;1.00
CHCH0061;BOT-10;21186.44;25000.00;10.00
CHCH0062;FEUITOLE;2033.89;2400.00;1.00
CHCH0062;PAQUET20;38135.59;45000.00;20.00
CHCH0063;FEUITOLE;1694.92;2000.00;1.00
CHCH0063;PAQUET20;40677.97;48000.00;20.00
CHCH0064;FEUITOLE;1694.91;2000.00;1.00
CHCH0064;PAQUET20;39830.50;47000.00;20.00
CHCH0065;PAQUET20;51694.91;61000.00;20.00
CHCH0066;PAQUET20;38135.59;45000.00;20.00
CHCH0067;PAQUET20;38135.59;45000.00;20.00
CHCH0068;PAQUET20;38135.59;45000.00;20.00
CHCH0069;FEUITOLE;1949.15;2300.00;1.00
CHCH0069;PAQUET20;38983.05;46000.00;20.00
CHCH0070;PAQUET20;42372.88;50000.00;20.00
CHCH0071;PAQUET20;44067.79;52000.00;1.00
CHCH0072;M;1949.15;2300.00;1.00
CHCH0073;M;2881.35;3400.00;1.00
CHCH0074;UNT;2372.88;2800.00;1.00
CHCH0075;M;1949.15;2300.00;1.00
CHCH0076;FEUITOLE;1694.91;2000.00;1.00
CHCH0076;PAQUET20;41949.15;49500.00;1.00
CHCH0077;FEUITOLE;1694.91;2000.00;1.00
CHCH0077;PAQUET20;41949.15;49500.00;1.00
CHCH0078;CART-25;10169.49;12000.00;1.00
CHCH0079;FEUITOLE;2203.38;2600.00;1.00
CHCH0079;PAQUET20;38135.59;45000.00;20.00
CHCH0080;FEUITOLE;2203.38;2600.00;1.00
CHCH0080;PAQUET20;46610.16;55000.00;20.00
CHCH0081;CART-25;16949.15;20000.00;25.00
CHCH0082;PAQUET20;43220.33;51000.00;20.00
CHCH0083;UNT;3728.81;4400.00;1.00
CHME0001;FEUITOLE;3000.00;3000.00;1.00
CHME0001;PAQUET20;60000.00;60000.00;1.00
CHME0002;CART-25;11864.40;14000.00;25.00
CHME0002;SACH-1;423.73;500.00;1.00
CHME0003;CART-25;13983.05;16500.00;25.00
CHME0003;SACH-1;423.73;500.00;1.00
CHME0004;CART-25;14406.77;17000.00;25.00
CHME0004;SACH-1;423.72;500.00;1.00
CHME0005;CART-25;15762.71;18600.00;25.00
CHME0005;SACH-1;423.72;500.00;1.00
CHME0006;CART-25;11864.40;14000.00;25.00
CHME0006;SACH-1;423.73;500.00;1.00
CHME0007;CART-25;16949.15;20000.00;25.00
CHME0007;SACH-1;423.73;500.00;1.00
CHME0008;CART-25;26000.00;26000.00;25.00
CHME0008;SACH-1;1050.00;1050.00;1.00
CHME0009;CART-25;26000.00;26000.00;25.00
CHME0009;SACH-1;1050.00;1050.00;1.00
CHME0010;CART-25;14406.77;17000.00;25.00
CHME0010;SACH-1;847.45;1000.00;1.00
CHME0011;UNT;3050.84;3600.00;1.00
CHME0012;UNT;6000.00;6000.00;1.00
CHME0013;UNT;8500.00;8500.00;1.00
CHME0014;UNT;12000.00;12000.00;1.00
CHME0015;UNT;15000.00;15000.00;1.00
CHME0016;UNT;16000.00;16000.00;1.00
CHME0017;UNT;8500.00;8500.00;1.00
CHME0018;UNT;3000.00;3000.00;1.00
CHME0019;UNT;3200.00;3200.00;1.00
CHME0020;UNT;6000.00;6000.00;1.00
CHME0021;UNT;6000.00;6000.00;1.00
CHME0022;UNT;6000.00;6000.00;1.00
CHME0023;UNT;6000.00;6000.00;1.00
CHME0024;PAIRE;8000.00;8000.00;1.00
CHME0025;UNT;5000.00;5000.00;1.00
CHME0026;UNT;6000.00;6000.00;1.00
CHME0027;FEUITOLE;1700.00;2006.00;1.00
CHME0027;PAQUET20;32500.00;38350.00;20.00
CHME0028;FEUITOLE;1800.00;1800.00;1.00
CHME0028;PAQUET20;35000.00;35000.00;20.00
CHME0029;FEUITOLE;2500.00;2500.00;1.00
CHME0029;PAQUET20;48000.00;48000.00;20.00
CHME0030;UNT;900.00;1062.00;1.00
CHME0031;UNT;1250.00;1250.00;1.00
CHME0032;UNT;700.00;700.00;1.00
CHME0033;UNT;925.00;1091.50;1.00
CHME0034;UNT;1050.00;1239.00;1.00
CHME0035;UNT;1300.00;1300.00;1.00
CHME0036;RLX;15000.00;17700.00;1.00
CHME0037;RLX;7000.00;8260.00;1.00
CHME0038;RLX-50;9745.76;11500.00;1.00
CHME0039;UNT;25500.00;25500.00;1.00
CHME0040;UNT;22500.00;22500.00;1.00
CHME0041;UNT;15200.00;15200.00;1.00
CHME0042;UNT;19200.00;19200.00;1.00
CHME0043;UNT;7200.00;7200.00;1.00
CHME0044;UNT;2150.00;2150.00;1.00
CHME0045;UNT;1450.00;1450.00;1.00
CHME0046;UNT;1850.00;1850.00;1.00
CHME0047;UNT;2450.00;2450.00;1.00
CHME0048;UNT;1850.00;1850.00;1.00
CHME0049;UNT;2150.00;2150.00;1.00
CHME0050;UNT;1550.00;1550.00;1.00
CHME0051;UNT;1250.00;1250.00;1.00
CHME0052;UNT;1050.00;1050.00;1.00
CHME0053;UNT;850.00;850.00;1.00
CHME0054;CART-8;20500.00;20500.00;8.00
CHME0054;PAQ;2500.00;2500.00;1.00
CHME0055;CART-25;16949.15;20000.00;25.00
CHME0055;SACH-1;550.84;650.00;1.00
CHME0056;UNT;3300.00;3300.00;1.00
CHME0057;FEUITOLE;3500.00;3500.00;1.00
CHME0057;PAQ-15;48000.00;48000.00;15.00
CHME0058;FEUITOLE;2450.00;2450.00;1.00
CHME0058;PAQUET20;48200.00;48200.00;20.00
CHME0059;PQT-10;21000.00;21000.00;10.00
CHME0059;RLX;2000.00;2000.00;1.00
CHME0060;CART-12;4000.00;4000.00;12.00
CHME0060;PAIRE;350.00;350.00;1.00
CHME0061;UNT;900.00;900.00;1.00
CHME0062;UNT;2550.00;2550.00;1.00
CHME0063;UNT;1550.00;1550.00;1.00
CHME0064;UNT;2250.00;2250.00;1.00
CHME0065;UNT;5550.00;5550.00;1.00
CHME0066;UNT;5050.00;5050.00;1.00
CHME0067;UNT;1100.00;1100.00;1.00
CHME0068;UNT;2600.00;2600.00;1.00
CHME0069;UNT;3100.00;3100.00;1.00
CHME0070;UNT;3100.00;3100.00;1.00
CHME0072;UNT;3100.00;3100.00;1.00
CHME0073;CAT-12;5200.00;5200.00;12.00
CHME0073;PAIRE;400.00;400.00;1.00
CHME0074;CART-12;2100.00;2100.00;12.00
CHME0074;PAIRE;200.00;200.00;1.00
CHME0075;CART-12;2000.00;2000.00;12.00
CHME0075;PAIRE;250.00;250.00;1.00
CHME0076;SAC-100;12000.00;12000.00;100.00
CHME0076;UNT;100.00;100.00;1.00
CHME0077;CART-25;11864.40;14000.00;25.00
CHME0078;UNT;400.00;400.00;1.00
CHME0079;UNT;1800.00;1800.00;1.00
CHME0080;UNT;400.00;400.00;1.00
CHME0081;FEUITOLE;2100.00;2100.00;1.00
CHME0081;PAQUET20;41500.00;41500.00;20.00
CHME0082;FEUITOLE;2100.00;2100.00;1.00
CHME0082;PAQUET20;41500.00;41500.00;20.00
CHME0083;CART-25;19500.00;19500.00;1.00
CHME0083;PAQ;2500.00;2500.00;0.00
CHME0083;SACH-5;2500.00;2500.00;1.00
CHME0084;FEUITOLE;2100.00;2100.00;1.00
CHME0084;PAQUET20;41500.00;41500.00;20.00
CHME0085;UNT;4000.00;4000.00;1.00
CHME0086;FEUITOLE;2500.00;2500.00;1.00
CHME0086;PAQUET20;43500.00;43500.00;20.00
CHME0087;FEUITOLE;2500.00;2500.00;1.00
CHME0087;PAQUET20;40500.00;40500.00;20.00
CHME0088;CART-25;12288.14;14500.00;25.00
CHME0088;SACH-1;593.22;700.00;1.00
CHME0089;PAQUET20;43500.00;43500.00;20.00
CHME0089;UNT;2200.00;2200.00;1.00
CHME0090;UNT;400.00;400.00;1.00
CHME0091;UNT;25000.00;25000.00;1.00
CHME0092;FEUITOLE;1500.00;1500.00;1.00
CHME0092;PAQUET20;29500.00;29500.00;20.00
CHME0093;FEUITOLE;2500.00;2500.00;1.00
CHME0093;PAQUET20;32000.00;32000.00;20.00
CHME0094;RLX;40000.00;40000.00;1.00
CHME0095;FEUITOLE;2000.00;2000.00;1.00
CHME0095;PAQUET20;39500.00;39500.00;20.00
CHME0096;FEUITOLE;2000.00;2000.00;1.00
CHME0096;PAQUET20;39500.00;39500.00;20.00
CHME0097;FEUITOLE;2750.00;3245.00;1.00
CHME0097;PAQUET20;53500.00;63130.00;20.00
CHME0098;FEUITOLE;2750.00;3245.00;1.00
CHME0098;PAQUET20;53500.00;63130.00;20.00
CHME0099;BOT-10;11500.00;11500.00;10.00
CHME0099;RLX;1800.00;1800.00;1.00
CHME0100;UNT;5250.00;5250.00;1.00
CHME0101;FEUITOLE;14500.00;14500.00;1.00
CHME0102;FEUITOLE;18500.00;18500.00;1.00
CHME0103;UNT;5000.00;5000.00;1.00
CHME0104;UNT;6000.00;6000.00;1.00
CHME0105;UNT;4000.00;4000.00;1.00
CHME0106;UNT;2200.00;2200.00;1.00
CHME0107;UNT;250.00;250.00;1.00
CHME0108;PAQUET20;55000.00;55000.00;20.00
CHME0108;UNT;3000.00;3000.00;1.00
CHME0109;PAQUET20;55000.00;55000.00;20.00
CHME0109;UNT;3000.00;3000.00;1.00
CHME0110;PAQUET20;55000.00;55000.00;20.00
CHME0110;UNT;3000.00;3000.00;1.00
CHME0111;PAQUET20;45000.00;45000.00;20.00
CHME0111;UNT;2500.00;2500.00;1.00
CHME0112;PAQUET20;45000.00;45000.00;20.00
CHME0112;UNT;3000.00;3000.00;1.00
CHME0113;PAQUET20;40000.00;40000.00;20.00
CHME0113;UNT;2500.00;2500.00;1.00
CHME0114;CART-8;17000.00;20060.00;8.00
CHME0115;CART-8;18000.00;21240.00;8.00
CHME0116;PAQUET20;36000.00;36000.00;20.00
CHME0116;UNT;1800.00;1800.00;1.00
CHME0117;PAQUET20;50000.00;59000.00;20.00
CHME0117;UNT;2500.00;2950.00;1.00
CHME0118;PAQUET20;37000.00;37000.00;20.00
CHME0118;UNT;2000.00;2000.00;1.00
CHME0119;PAQUET20;45000.00;45000.00;20.00
CHME0119;UNT;2500.00;2500.00;1.00
CHME0120;PAQUET20;37000.00;37000.00;20.00
CHME0120;UNT;2500.00;2500.00;1.00
CHME0121;CART;20000.00;20000.00;1.00
CHME0122;UNT;4237.29;5000.00;1.00
CHME0123;UNT;4237.29;5000.00;1.00
CHME0124;UNT;4237.29;5000.00;1.00
CHME0125;UNT;0.85;1.00;1.00
CHME0126;PAQUET20;33898.30;40000.00;20.00
CHME0127;PAQUET20;33898.30;40000.00;20.00
CHME0128;PAQUET20;38983.05;46000.00;20.00
CHME0129;PAQUET20;38983.05;46000.00;20.00
CHME0130;PAQUET20;30508.47;36000.00;20.00
CHME0131;PAQ;45338.98;53500.00;20.00
CHME0133;UNT;0.85;1.00;1.00
CHME0134;UNT;0.85;1.00;1.00
CHME0135;UNT;2542.00;2542.00;1.00
CHME0136;SACH-1;508.47;600.00;1.00
DIDI0001;UNT;593.22;700.00;1.00
DIDI0002;UNT;5338.98;6300.00;1.00
DIDI0003;UNT;15254.23;18000.00;1.00
DIDI0004;UNT;5508.47;6500.00;1.00
DIDI0005;UNT;59322.03;70000.00;1.00
DIDI0006;UNT;21186.44;25000.00;1.00
DIDI0007;UNT;16949.15;20000.00;1.00
DIDI0008;UNT;110169.49;130000.00;1.00
DIDI0009;UNT;1694.91;2000.00;1.00
DIDI0010;UNT;1694.91;2000.00;1.00
DIDI0011;PAQ;593.22;700.00;1.00
DIDI0013;PAQ;2118.64;2500.00;1.00
DIDI0014;BALL-7;0.84;1.00;7.00
DIDI0014;PQT-10;0.84;1.00;1.00
DIV00001;CAT-12;27500.00;27500.00;12.00
DIV00001;PAQ-6;2650.00;2650.00;1.00
DIV00001;UNT;700.00;700.00;1.00
DIV00002;BALL-8;12500.00;12500.00;8.00
DIV00002;PQT-10;1800.00;1800.00;1.00
DIV00003;BALL-8;10000.00;10000.00;8.00
DIV00003;PQT-10;800.00;800.00;1.00
DIV00004;BALL-8;8000.00;8000.00;8.00
DIV00004;PQT-10;10000.00;10000.00;1.00
DIV00005;BALL-8;10000.00;10000.00;8.00
DIV00005;PQT-10;1250.00;1250.00;1.00
DIV00006;UNT;275.00;275.00;1.00
DIV00007;BALL-6;7500.00;7500.00;6.00
DIV00007;PQT-10;1250.00;1250.00;1.00
DIV00008;BAL;14000.00;14000.00;5.00
DIV00008;UNT;2700.00;2700.00;1.00
DIV00009;BAL;14000.00;14000.00;5.00
DIV00009;UNT;2800.00;2800.00;1.00
DIV00010;BAL;14000.00;14000.00;5.00
DIV00010;UNT;2900.00;2900.00;1.00
DIV00011;CART-30;15000.00;15000.00;30.00
DIV00011;UNT;500.00;500.00;1.00
DIV00012;CART-240;11000.00;11000.00;240.00
DIV00012;PQT-10;500.00;500.00;10.00
DIV00012;UNT;50.00;50.00;1.00
DIV00014;BAL-5;9000.00;9000.00;5.00
DIV00014;UNT;900.00;900.00;1.00
DIV00015;CART-30;9000.00;9000.00;30.00
DIV00016;CART;32000.00;32000.00;8.00
DIV00016;UNT;3800.00;3800.00;1.00
DIV00017;SAC-100;40500.00;40500.00;100.00
DIV00017;UNT;405.00;405.00;1.00
DIV00018;UNT;6500.00;6500.00;1.00
DIV00019;UNT;700.00;700.00;1.00
DIV00020;UNT;700.00;700.00;1.00
DIV00021;UNT;6500.00;6500.00;1.00
DIV00022;UNT;6500.00;6500.00;1.00
DIV00023;UNT;1271.18;1500.00;1.00
DIV00024;UNT;677.96;800.00;1.00
DIV00025;BALL-7;11864.40;14000.00;7.00
ELEC0001;UNT;10000.00;10000.00;1.00
ELEC0002;UNT;10000.00;10000.00;1.00
ELEC0003;UNT;10000.00;10000.00;1.00
ELEC0004;UNT;10000.00;10000.00;1.00
ELEC0005;UNT;10000.00;10000.00;1.00
ELEC0006;UNT;15000.00;15000.00;1.00
ELEC0007;UNT;15000.00;15000.00;1.00
ELEC0008;UNT;15000.00;15000.00;1.00
ELEC0009;UNT;15000.00;15000.00;1.00
ELEC0010;UNT;15000.00;15000.00;1.00
ELEC0011;UNT;700.00;700.00;1.00
ELEC0012;UNT;5100.00;5100.00;1.00
ELEC0013;UNT;8100.00;8100.00;1.00
ELEC0014;UNT;11500.00;11500.00;1.00
ELEC0015;UNT;18500.00;18500.00;1.00
ELEC0016;UNT;31000.00;31000.00;1.00
ELEC0017;UNT;6000.00;6000.00;1.00
ELEC0018;UNT;150.00;150.00;1.00
ELEC0019;UNT;150.00;150.00;1.00
ELEC0020;UNT;2000.00;2000.00;1.00
ELEC0021;UNT;3000.00;3000.00;1.00
ELEC0022;UNT;3000.00;3000.00;1.00
ELEC0023;UNT;7000.00;7000.00;1.00
ELEC0024;UNT;2500.00;2500.00;1.00
ELEC0025;UNT;500.00;500.00;1.00
ELEC0026;UNT;400.00;472.00;1.00
ELEC0027;UNT;1000.00;1000.00;1.00
ELEC0028;UNT;3500.00;3500.00;1.00
ELEC0029;UNT;1100.00;1100.00;1.00
ELEC0030;UNT;1300.00;1300.00;1.00
ELEC0031;UNT;2300.00;2300.00;1.00
ELEC0032;UNT;1700.00;1700.00;1.00
ELEC0033;UNT;1300.00;1300.00;1.00
ELEC0034;PAQ;650.00;650.00;1.00
ELEC0035;UNT;1350.00;1350.00;1.00
ELEC0036;UNT;650.00;650.00;1.00
ELEC0037;UNT;2550.00;2550.00;1.00
ELEC0038;UNT;1300.00;1300.00;1.00
ELEC0039;UNT;2100.00;2100.00;1.00
ELEC0040;UNT;300.00;300.00;1.00
ELEC0041;UNT;450.00;450.00;1.00
ELEC0042;UNT;1100.00;1100.00;1.00
ELEC0043;UNT;1250.00;1250.00;1.00
ELEC0044;UNT;2250.00;2250.00;1.00
ELEC0045;UNT;2100.00;2100.00;1.00
ELEC0046;UNT;1700.00;1700.00;1.00
ELEC0047;UNT;800.00;800.00;1.00
ELEC0048;UNT;325.00;325.00;1.00
ELEC0049;UNT;500.00;485.00;1.00
ELEC0050;UNT;900.00;900.00;1.00
ELEC0051;UNT;2200.00;2200.00;1.00
ELEC0052;UNT;10500.00;10500.00;1.00
ELEC0053;UNT;10500.00;10500.00;1.00
ELEC0054;UNT;2600.00;2600.00;1.00
ELEC0055;UNT;260.00;260.00;1.00
ELEC0056;UNT;350.00;350.00;1.00
ELEC0057;UNT;200.00;200.00;1.00
ELEC0058;UNT;375.00;375.00;1.00
ELEC0059;UNT;200.00;200.00;1.00
ELEC0060;UNT;350.00;350.00;1.00
ELEC0061;UNT;12200.00;12200.00;1.00
ELEC0062;UNT;4100.00;4100.00;1.00
ELEC0063;UNT;2600.00;2600.00;1.00
ELEC0064;UNT;4000.00;4000.00;1.00
ELEC0066;UNT;1800.00;1800.00;1.00
ELEC0067;UNT;3550.00;3550.00;1.00
ELEC0068;UNT;5200.00;5200.00;1.00
ELEC0069;UNT;1900.00;1900.00;1.00
ELEC0070;UNT;2550.00;2550.00;1.00
ELEC0071;UNT;1550.00;1550.00;1.00
ELEC0072;UNT;20500.00;20500.00;1.00
ELEC0073;UNT;2550.00;3009.00;1.00
ELEC0074;UNT;2000.00;2000.00;1.00
ELEC0075;UNT;2150.00;2150.00;1.00
ELEC0076;UNT;1250.00;1250.00;1.00
ELEC0077;UNT;650.00;650.00;1.00
ELEC0078;UNT;500.00;500.00;1.00
ELEC0079;UNT;200.00;200.00;1.00
ELEC0080;UNT;40.00;40.00;1.00
ELEC0083;UNT;1200.00;1416.00;1.00
ELEC0084;UNT;270.00;270.00;1.00
ELEC0085;UNT;320.00;320.00;1.00
ELEC0086;UNT;650.00;650.00;1.00
ELEC0087;UNT;600.00;600.00;1.00
ELEC0088;UNT;1300.00;1300.00;1.00
ELEC0124;UNT;6600.00;6600.00;1.00
ELEC0125;UNT;3100.00;3100.00;1.00
ELEC0126;UNT;1325.00;1325.00;1.00
ELEC0127;UNT;1325.00;1325.00;1.00
ELEC0128;UNT;1550.00;1550.00;1.00
ELEC0129;UNT;1225.00;1225.00;1.00
ELEC0130;UNT;18200.00;18200.00;1.00
ELEC0131;UNT;18500.00;18500.00;1.00
ELEC0132;UNT;18500.00;18500.00;1.00
ELEC0133;UNT;18500.00;18500.00;1.00
ELEC0134;UNT;18500.00;18500.00;1.00
ELEC0135;UNT;31000.00;31000.00;1.00
ELEC0136;UNT;31000.00;31000.00;1.00
ELEC0137;UNT;31000.00;31000.00;1.00
ELEC0138;UNT;31000.00;31000.00;1.00
ELEC0139;M;1950.00;1950.00;1.00
ELEC0139;RLX-100;150000.00;150000.00;100.00
ELEC0140;UNT;7800.00;7800.00;1.00
ELEC0141;UNT;1100.00;1100.00;1.00
ELEC0142;UNT;2200.00;2200.00;1.00
ELEC0143;UNT;500.00;500.00;1.00
ELEC0144;UNT;2200.00;2200.00;1.00
ELEC0145;UNT;2300.00;2300.00;1.00
ELEC0146;UNT;175.00;175.00;1.00
ELEC0147;UNT;900.00;900.00;1.00
ELEC0148;UNT;2100.00;2100.00;1.00
ELEC0149;UNT;4500.00;4500.00;1.00
ELEC0150;UNT;6500.00;6500.00;1.00
ELEC0151;UNT;11000.00;11000.00;1.00
ELEC0152;UNT;14500.00;14500.00;1.00
ELEC0153;UNT;4600.00;4600.00;1.00
ELEC0154;UNT;1800.00;1800.00;1.00
ELEC0155;CART-20;35000.00;35000.00;20.00
ELEC0155;UNT;1750.00;1750.00;1.00
ELEC0156;CART-20;45000.00;45000.00;20.00
ELEC0156;UNT;3000.00;3000.00;1.00
ELEC0157;UNT;750.00;750.00;1.00
ELEC0158;UNT;2000.00;2000.00;1.00
ELEC0161;UNT;400.00;400.00;1.00
ELEC0162;UNT;400.00;400.00;1.00
ELEC0163;UNT;22033.89;26000.00;1.00
ELEC0164;UNT;2372.88;2800.00;1.00
ELEC0165;UNT;847.46;1000.00;1.00
ELEC0166;UNT;677.97;800.00;1.00
ELEC0167;UNT;1186.44;1400.00;1.00
ELEC0168;UNT;2542.37;3000.00;1.00
ELEC0169;UNT;5932.20;7000.00;1.00
ELEC0170;UNT;8474.57;10000.00;1.00
ELEC0171;UNT;38135.59;45000.00;1.00
ELEC0172;UNT;0.84;1.00;1.00
ELEC0173;UNT;211.86;250.00;1.00
ELEC0174;UNT;1694.91;2000.00;1.00
ELEC0175;UNT;1271.18;1500.00;1.00
ELEC0176;UNT;2118.64;2500.00;1.00
ELEC0177;UNT;2118.64;2500.00;0.00
ELEC0178;UNT;1271.18;1500.00;1.00
ELEC0179;UNT;1694.92;2000.00;1.00
ELEC0180;UNT;338.98;400.00;1.00
ELEC0181;UNT;12711.86;15000.00;1.00
ELEC0182;UNT;2118.64;2500.00;1.00
ELEC0183;UNT;2542.37;3000.00;0.00
ELEC0184;UNT;5932.20;7000.00;1.00
ELEC0185;UNT;3813.55;4500.00;1.00
ELEC0186;UNT;16949.15;20000.00;1.00
ELEC0187;UNT;12711.86;15000.00;1.00
ELEC0188;UNT;16949.15;20000.00;1.00
ELEC0189;UNT;16949.15;20000.00;1.00
ELEC0190;UNT;12711.86;15000.00;1.00
ELEC0191;UNT;12711.86;15000.00;1.00
ELEC0192;UNT;21186.44;25000.00;1.00
ELEC0193;M;0.00;0.00;0.00
ELEC0194;UNT;0.84;1.00;1.00
ELEC0195;UNT;0.84;1.00;1.00
ELEC0196;UNT;0.00;0.00;1.00
ELEC0197;UNT;0.00;0.00;1.00
ELEC0198;RLX;4661.01;5500.00;1.00
ELEC0199;C-1M²;0.84;1.00;1.00
ELEC0200;UNT;0.84;1.00;1.00
ELEC0201;UNT;423.72;500.00;1.00
ELEC0202;UNT;1271.18;1500.00;1.00
ELEC0203;RLX;0.84;1.00;1.00
ELEC0204;UNT;0.84;1.00;1.00
ELEC0205;M;0.84;1.00;1.00
ELEC0206;UNT;4237.28;5000.00;1.00
ELEC0207;UNT;3813.55;4500.00;1.00
ELEC0208;UNT;0.84;1.00;1.00
ELEC0209;UNT;0.84;1.00;1.00
ELEC0210;UNT;0.84;1.00;1.00
ELEC0211;UNT;0.84;1.00;1.00
ELEC0212;UNT;0.84;1.00;1.00
ELEC0213;UNT;0.84;1.00;1.00
ELEC0214;UNT;0.84;1.00;1.00
ELEC0215;UNT;0.84;1.00;1.00
ELEC0216;UNT;0.85;1.00;1.00
ELEC0217;UNT;0.84;1.00;1.00
ELEC0218;UNT;0.84;1.00;1.00
ELEC0219;UNT;25423.72;30000.00;1.00
FER00001;1 TONNE;381355.93;450000.00;68.00
FER00001;UNT;4237.29;5000.00;1.00
FER00002;1 TONNE;360000.00;360000.00;93.00
FER00002;UNT;4100.00;4100.00;1.00
FER00003;1 TONNE;400000.00;400000.00;375.00
FER00004;1 TONNE;326271.18;385000.00;135.00
FER00004;UNT;3389.83;4000.00;1.00
FER00005;1 TONNE;360000.00;360000.00;210.00
FER00005;UNT;2500.00;2500.00;1.00
FER00006;1 TONNE;372881.35;440000.00;375.00
FER00006;UNT;1271.18;1500.00;1.00
FER00007;B-5;6567.79;7750.00;5.00
FER00007;UNT;932.20;1100.00;1.00
FER00008;CART-25;12000.00;12000.00;25.00
FER00008;SACH-1;500.00;500.00;1.00
FER00009;1 TONNE;12000.00;12000.00;375.00
FER00009;UNT;500.00;500.00;1.00
FER00010;1 TONNE;470338.98;555000.00;375.00
FER00010;UNT;1016.94;1200.00;1.00
FER00012;1 TONNE;436440.67;515000.00;210.00
FER00012;UNT;2627.11;3100.00;1.00
FER00013;1 TONNE;515000.00;515000.00;135.00
FER00013;UNT;3200.00;3200.00;1.00
FER00014;1 TONNE;250000.00;250000.00;93.00
FER00014;UNT;700.00;700.00;1.00
FER00015;1 TONNE;300000.00;300000.00;26.00
FER00015;UNT;10000.00;10000.00;1.00
FER00016;1 TONNE;326271.18;385000.00;210.00
FER00016;UNT;1694.91;2000.00;1.00
FER00017;1 TONNE;575000.00;575000.00;69.00
FER00017;UNT;6500.00;6500.00;1.00
FER00018;1 TONNE;450000.00;450000.00;375.00
FER00018;UNT;1150.00;1150.00;1.00
FER00019;1 TONNE;600000.00;600000.00;210.00
FER00019;UNT;3500.00;3500.00;1.00
FER00020;1 TONNE;685000.00;685000.00;135.00
FER00020;UNT;2800.00;2800.00;1.00
FER00021;1 TONNE;410000.00;410000.00;93.00
FER00021;UNT;4000.00;4000.00;1.00
FER00022;1 TONNE;540000.00;540000.00;69.00
FER00022;UNT;7500.00;7500.00;1.00
FER00023;1 TONNE;381355.93;450000.00;210.00
FER00023;UNT;1694.91;2000.00;1.00
FER00024;1 TONNE;338983.05;400000.00;375.00
FER00024;UNT;2966.10;3500.00;1.00
FER00025;1 TONNE;338983.05;400000.00;135.00
FER00025;UNT;1694.91;2000.00;1.00
FER00027;1 TONNE;423728.81;500000.00;93.00
FER00028;1 TONNE;338983.05;400000.00;210.00
FER00029;1 TONNE;338983.05;400000.00;135.00
MACO0001;UNT;17000.00;17000.00;1.00
MACO0002;SAC-25;35000.00;35000.00;25.00
MACO0002;SACH-1;2000.00;2000.00;1.00
MACO0003;PL-M3;47000.00;47000.00;20.00
MACO0003;UNT;2400.00;2400.00;1.00
MACO0004;PL-M3;53000.00;50000.00;40.00
MACO0004;UNT;1300.00;1300.00;1.00
MACO0005;CAM-DR;60000.00;60000.00;1.00
MACO0005;CAM-SR;45000.00;45000.00;1.00
MACO0006;CAM-DR;155000.00;155000.00;1.00
MACO0007;1 TONNE;67000.00;67000.00;20.00
MACO0007;UNT;3350.00;3350.00;1.00
MACO0008;UNT;10000.00;10000.00;1.00
MACO0009;UNT;22000.00;22000.00;1.00
MACO0010;UNT;3300.00;3300.00;1.00
MACO0011;UNT;2000.00;2360.00;1.00
MACO0012;COL-12;12500.00;12500.00;12.00
MACO0012;UNT;1500.00;1000.00;1.00
MACO0013;UNT;18000.00;18000.00;1.00
MACO0014;1 TONNE;66000.00;77880.00;20.00
MACO0014;SAC-50;3500.00;4130.00;1.00
MACO0015;1 TONNE;65000.00;65000.00;20.00
MACO0015;SAC-50;3400.00;3400.00;1.00
MACO0016;UNT;21000.00;24780.00;1.00
MACO0017;1 TONNE;67500.00;67500.00;20.00
MACO0017;UNT;3375.00;3375.00;1.00
MACO0018;UNT;2500.00;2500.00;1.00
MACO0019;UNT;3200.00;3200.00;1.00
MACO0022;1 TONNE;69500.00;69500.00;20.00
MACO0022;UNT;3500.00;3500.00;1.00
MACO0023;UNT;17796.61;21000.00;1.00
MACO0024;1 TONNE;63559.32;75000.00;20.00
MACO0025;UNT;55084.74;65000.00;1.00
MACO0026;UNT;4237.28;5000.00;1.00
MACO0027;UNT;16101.69;19000.00;1.00
MACO0028;1 TONNE;59322.03;70000.00;20.00
PEST0001;SAC-25;12500.00;12500.00;1.00
PEST0002;SAC-25;15000.00;15000.00;1.00
PEST0003;SAC-40;5500.00;5500.00;40.00
PEST0003;SACH-1;250.00;250.00;1.00
PEST0004;UNT;4500.00;4500.00;1.00
PEST0005;UNT;900.00;900.00;1.00
PEST0006;UNT;700.00;700.00;1.00
PEST0007;UNT;975.00;975.00;1.00
PEST0008;SAC-50;4000.00;4000.00;50.00
PEST0008;SACH-1;130.00;130.00;1.00
PEST0009;UNT;20000.00;20000.00;1.00
PEST0010;UNT;7400.00;7400.00;1.00
PEST0011;UNT;5000.00;5000.00;1.00
PEST0012;UNT;19000.00;19000.00;1.00
PEST0013;UNT;10000.00;10000.00;1.00
PEST0014;UNT;4000.00;4000.00;1.00
PEST0015;COL-4;24600.00;24600.00;4.00
PEST0015;UNT;6250.00;6250.00;1.00
PEST0016;COL-4;29028.00;29028.00;4.00
PEST0016;UNT;7375.00;7375.00;1.00
PEST0017;COL-4;24600.00;24600.00;4.00
PEST0017;UNT;6200.00;6200.00;1.00
PEST0018;COL-4;24500.00;24500.00;4.00
PEST0018;UNT;6200.00;6200.00;1.00
PEST0019;COL-4;24600.00;24600.00;4.00
PEST0019;UNT;6200.00;6200.00;1.00
PEST0020;COL-4;24600.00;24600.00;4.00
PEST0020;UNT;6200.00;6200.00;1.00
PEST0021;COL-4;34000.00;34000.00;4.00
PEST0021;UNT;9000.00;9000.00;1.00
PEST0022;COL-4;23500.00;23500.00;4.00
PEST0022;UNT;6000.00;6000.00;1.00
PEST0023;UNT;47000.00;55460.00;1.00
PEST0024;UNT;6500.00;6500.00;1.00
PEST0025;UNT;3500.00;3500.00;1.00
PEST0026;CART-36;16500.00;16500.00;36.00
PEST0026;UNT;500.00;500.00;1.00
PEST0027;UNT;67.00;67.00;1.00
PEST0028;UNT;83.00;83.00;1.00
PEST0029;UNT;138.00;138.00;1.00
PEST0030;UNT;117.00;117.00;1.00
PEST0031;UNT;150.00;150.00;1.00
PEST0032;UNT;308.00;308.00;1.00
PEST0033;1L;800.00;800.00;1.00
PEST0034;COL-6;30000.00;30000.00;6.00
PEST0034;UNT;5000.00;5000.00;1.00
PEST0035;COL-12;35000.00;35000.00;12.00
PEST0035;UNT;2500.00;2500.00;1.00
PEST0036;UNT;3000.00;3000.00;1.00
PEST0037;UNT;3000.00;3000.00;1.00
PEST0038;UNT;3000.00;3000.00;1.00
PEST0039;UNT;3500.00;3500.00;1.00
PEST0040;COL-4;34000.00;34000.00;4.00
PEST0040;UNT;9000.00;9000.00;1.00
PEST0041;COL-4;40000.00;40000.00;4.00
PEST0041;UNT;9000.00;9000.00;1.00
PEST0042;COL-4;24000.00;24000.00;4.00
PEST0042;UNT;6200.00;6200.00;1.00
PEST0043;COL-4;24000.00;24000.00;4.00
PEST0043;UNT;6200.00;6200.00;1.00
PEST0046;COL-4;24000.00;24000.00;4.00
PEST0046;UNT;6200.00;6200.00;1.00
PEST0047;UNT;7200.00;7200.00;1.00
PEST0048;UNT;7200.00;7200.00;1.00
PEST0049;UNT;11000.00;12980.00;1.00
PEST0050;COL-4;24000.00;24000.00;4.00
PEST0050;UNT;6200.00;6200.00;1.00
PEST0051;SAC-25;4000.00;4000.00;25.00
PEST0051;SACH-1;200.00;200.00;1.00
PEST0052;COL-4;24500.00;24500.00;4.00
PEST0052;UNT;6125.00;6125.00;1.00
PEST0053;COL-4;24500.00;24500.00;4.00
PEST0053;UNT;6125.00;6125.00;1.00
PEST0054;COL-4;24500.00;24500.00;4.00
PEST0054;UNT;6125.00;6125.00;1.00
PEST0055;COL-4;24000.00;24000.00;4.00
PEST0055;UNT;6000.00;6000.00;1.00
PEST0056;BAL-100;170000.00;170000.00;100.00
PEST0057;SAC-40;4300.00;4300.00;40.00
PEST0057;SACH-1;125.00;125.00;1.00
PEST0058;CART-24B;19000.00;19000.00;24.00
PEST0058;UNT;800.00;800.00;1.00
PEST0059;CART-24B;19000.00;19000.00;24.00
PEST0059;UNT;800.00;800.00;4.00
PEST0060;CART-24B;19000.00;19000.00;24.00
PEST0060;UNT;800.00;800.00;1.00
PEST0061;CART-24B;19000.00;19000.00;24.00
PEST0061;UNT;800.00;800.00;1.00
PEST0062;CART-24B;19000.00;19000.00;24.00
PEST0062;UNT;800.00;800.00;1.00
PEST0063;UNT;1000.00;1000.00;1.00
PEST0064;UNT;2050.00;2050.00;1.00
PEST0065;UNT;2050.00;2050.00;1.00
PEST0066;CART;17000.00;17000.00;1.00
PEST0066;UNT;500.00;400.00;1.00
PEST0067;COL-4;24500.00;28910.00;4.00
PEST0067;UNT;6250.00;7375.00;1.00
PEST0068;COL-4;24500.00;24500.00;4.00
PEST0068;UNT;6250.00;6250.00;1.00
PEST0069;UNT;1000.00;1000.00;1.00
PEST0070;SAC-40;4200.00;4200.00;40.00
PEST0070;SACH-1;125.00;125.00;1.00
PEST0071;COL-4;24000.00;24000.00;4.00
PEST0071;UNT;6200.00;6200.00;1.00
PEST0072;UNT;1800.00;1800.00;1.00
PEST0073;UNT;2000.00;2000.00;1.00
PEST0074;UNT;1500.00;1500.00;1.00
PEST0075;UNT;1500.00;1500.00;1.00
PEST0076;UNT;1500.00;1500.00;1.00
PEST0077;UNT;1500.00;1500.00;1.00
PEST0078;UNT;1500.00;1500.00;1.00
PEST0079;UNT;1700.00;1700.00;1.00
PEST0080;SAC-40;6490.00;6490.00;40.00
PEST0081;UNT;6355.93;7500.00;1.00
PEST0082;UNT;6355.93;7500.00;1.00
PEST0083;UNT;6355.93;7500.00;1.00
PEST0084;UNT;6355.93;7500.00;1.00
PEST0085;UNT;6355.93;7500.00;1.00
PEST0086;UNT;2711.86;3200.00;1.00
PEST0087;UNT;2711.86;3200.00;1.00
PEST0088;UNT;15254.24;18000.00;1.00
PEST0089;UNT;7033.89;8300.00;1.00
PEST0090;COL-4;20847.45;24600.00;4.00
PEST0090;UNT;5593.22;6600.00;0.00
PEST0091;UNT;7203.39;8500.00;1.00
PEST0092;UNT;4200.00;4200.00;1.00
PEST0093;UNT;1271.19;1500.00;1.00
PEST0095;UNT;2711.86;3200.00;1.00
PEST0096;COL-4;21186.44;25000.00;4.00
PEST0096;UNT;5254.23;6200.00;1.00
PEST0097;COL-4;22033.89;26000.00;4.00
PEST0098;COL-4;20762.71;24500.00;4.00
PEST0099;UNT;1271.18;1500.00;1.00
PEST0100;UNT;1271.18;1500.00;1.00
PEST0101;UNT;1271.18;1500.00;1.00
PEST0102;UNT;1271.18;1500.00;1.00
PEST0103;UNT;1271.18;1500.00;1.00
PEST0104;SAC-40;4067.79;4800.00;40.00
PEST0105;SAC-40;4067.79;4800.00;1.00
PEST0106;SAC-40;4406.77;5200.00;1.00
PEST0107;UNT;5084.74;6000.00;1.00
PLAD0001;UNT;42372.88;50000.00;1.00
PLAD0002;UNT;12711.86;15000.00;1.00
PLAD0003;UNT;5932.20;7000.00;1.00
PLAD0004;UNT;8474.57;10000.00;1.00
PLAD0005;UNT;550.84;650.00;1.00
PLAD0006;UNT;1271.18;1500.00;1.00
PLAD0007;UNT;11864.40;14000.00;1.00
PLAD0008;UNT;0.84;1.00;0.00
PLAD0009;UNT;4237.29;5000.00;1.00
PLAD0010;UNT;4237.28;5000.00;1.00
PLAD0011;UNT;12711.86;15000.00;1.00
PLAD0012;UNT;12711.86;15000.00;1.00
PLAD0013;UNT;10169.49;12000.00;1.00
PLAD0014;UNT;80508.47;95000.00;1.00
PLAD0015;UNT;42372.88;50000.00;1.00
PLAD0016;UNT;127118.64;150000.00;1.00
PLAD0017;UNT;0.84;1.00;1.00
PLAD0018;UNT;0.84;1.00;1.00
PLAD0019;UNT;0.84;5500.00;1.00
PLAD0020;UNT;0.84;1.00;1.00
PLAD0021;UNT;0.84;1.00;1.00
PLAD0022;UNT;0.84;1.00;1.00
PLAD0023;UNT;847.45;1000.00;1.00
PLAD0024;UNT;1694.91;2000.00;1.00
PLAD0025;UNT;0.84;1.00;1.00
PLAD0026;UNT;0.84;1.00;1.00
PLAD0027;UNT;12711.86;15000.00;1.00
PLAD0028;UNT;4237.28;5000.00;1.00
PLAD0029;UNT;50847.45;60000.00;1.00
PLAD0030;UNT;5508.47;6500.00;1.00
PLAD0031;UNT;42372.88;50000.00;1.00
PLAD0032;UNT;4237.28;5000.00;1.00
PLAD0033;UNT;42372.88;50000.00;1.00
PLAD0034;UNT;677.96;800.00;1.00
PLAD0035;UNT;2711.86;3200.00;1.00
PLAD0036;UNT;7627.11;9000.00;1.00
PLAD0037;UNT;6779.66;8000.00;1.00
PLAD0038;UNT;10169.49;12000.00;1.00
PLAD0039;UNT;2542.37;3000.00;1.00
PLAD0040;UNT;2966.10;3500.00;1.00
PLAD0041;UNT;1271.18;1500.00;1.00
PLAD0042;UNT;847.45;1000.00;1.00
PLAP0001;UNT;25423.73;30000.00;1.00
PLAP0002;UNT;25423.72;30000.00;1.00
PLAP0003;UNT;2118.64;2500.00;1.00
PLAP0004;UNT;2966.10;3500.00;1.00
PLAP0005;UNT;6779.66;8000.00;1.00
PLAP0006;UNT;4661.01;5500.00;1.00
PLAP0007;UNT;21186.44;25000.00;1.00
PLAP0008;UNT;16949.15;20000.00;1.00
PLAP0009;UNT;4237.28;5000.00;1.00
PLAP0010;UNT;3813.55;4500.00;1.00
PLAP0011;UNT;6779.66;8000.00;1.00
PLAP0012;UNT;12711.86;15000.00;1.00
PLAP0013;UNT;12711.86;15000.00;1.00
PLAP0014;UNT;5084.74;6000.00;1.00
PLAP0015;UNT;4661.01;5500.00;1.00
PLAP0016;UNT;5084.74;6000.00;1.00
PLAP0017;UNT;0.84;1.00;1.00
PLAP0018;UNT;4237.28;5000.00;1.00
PLAP0019;UNT;12711.86;15000.00;1.00
PLAP0020;UNT;5932.20;7000.00;1.00
PLAP0021;UNT;46610.16;55000.00;1.00
PLAP0022;UNT;2966.10;3500.00;1.00
PLAP0023;UNT;1694.91;2000.00;1.00
PLAP0024;UNT;2542.37;3000.00;1.00
PLAP0025;UNT;9745.76;11500.00;1.00
PLAP0026;UNT;9322.03;11000.00;1.00
PLAP0027;UNT;5932.20;7000.00;1.00
PLAP0028;UNT;5932.20;7000.00;1.00
PLAP0029;UNT;5084.74;6000.00;1.00
PLAP0030;UNT;6779.66;8000.00;1.00
PLAP0031;UNT;11016.94;13000.00;1.00
PLAP0032;UNT;0.84;1.00;1.00
PLAP0034;UNT;0.84;1.00;1.00
PLAP0035;UNT;0.84;1.00;1.00
PLAP0036;UNT;3305.08;3900.00;1.00
PLAP0037;UNT;2966.10;3500.00;1.00
PLAP0038;UNT;2966.10;3500.00;1.00
PLAP0039;UNT;2118.64;2500.00;1.00
PLAP0040;UNT;847.45;1000.00;1.00
PLAP0041;UNT;11864.41;14000.00;1.00
PLAP0042;UNT;8474.57;10000.00;1.00
PLAP0044;UNT;2542.37;3000.00;1.00
PLAP0045;UNT;4237.28;5000.00;1.00
PLAP0046;UNT;5084.74;6000.00;1.00
PLAP0048;CART-25;5084.74;6000.00;1.00
PLAP0049;UNT;10169.49;12000.00;1.00
PLAP0050;UNT;10169.49;12000.00;1.00
PLAP0051;UNT;4237.28;5000.00;1.00
PLAP0052;UNT;4237.28;5000.00;1.00
PLAP0053;UNT;4237.28;5000.00;1.00
PLAP0054;UNT;4237.28;5000.00;1.00
PLAP0055;UNT;15254.23;18000.00;1.00
PLAP0056;UNT;0.84;1.00;1.00
PLAP0057;UNT;2542.37;3000.00;1.00
PLAP0058;UNT;2118.64;2500.00;1.00
PLAP0059;UNT;2118.64;2500.00;1.00
PLDI0001;UNT;0.84;1.00;1.00
PLDI0002;UNT;0.84;1.00;1.00
PLDI0003;UNT;593.22;700.00;1.00
PLDI0004;UNT;847.45;1000.00;1.00
PLDI0005;UNT;677.96;800.00;1.00
PLDI0006;UNT;1355.93;1600.00;1.00
PLDI0007;UNT;2542.37;3000.00;1.00
PLOM0001;UNT;2375.00;2375.00;1.00
PLOM0002;UNT;1300.00;1300.00;1.00
PLOM0003;UNT;400.00;400.00;1.00
PLOM0004;UNT;300.00;300.00;1.00
PLOM0005;UNT;7500.00;7500.00;1.00
PLOM0006;UNT;25500.00;25500.00;1.00
PLOM0007;UNT;12000.00;10000.00;1.00
PLOM0008;UNT;5900.00;6962.00;1.00
PLOM0009;UNT;4000.00;4000.00;1.00
PLOM0010;UNT;2200.00;2200.00;1.00
PLOM0011;UNT;400.00;400.00;1.00
PLOM0012;UNT;1271.19;1500.00;1.00
PLOM0013;UNT;200.00;200.00;1.00
PLOM0014;UNT;5500.00;6490.00;1.00
PLOM0015;UNT;6200.00;6200.00;1.00
PLOM0016;UNT;600.00;708.00;1.00
PLOM0017;CART-24B;16000.00;16000.00;24.00
PLOM0017;UNT;700.00;700.00;1.00
PLOM0018;BID -5;4000.00;4000.00;1.00
PLOM0018;CAR 15L;13000.00;13000.00;3.00
PLOM0019;UNT;250.00;250.00;1.00
PLOM0020;UNT;350.00;350.00;1.00
PLOM0021;UNT;450.00;450.00;1.00
PLOM0022;UNT;2500.00;2950.00;1.00
PLOM0023;UNT;1400.00;1400.00;1.00
PLOM0024;UNT;175.00;175.00;1.00
PLOM0025;UNT;200.00;200.00;1.00
PLOM0026;UNT;550.00;550.00;1.00
PLOM0027;UNT;600.00;600.00;1.00
PLOM0028;UNT;550.00;550.00;1.00
PLOM0029;UNT;600.00;600.00;1.00
PLOM0030;UNT;350.00;350.00;1.00
PLOM0031;UNT;350.00;350.00;1.00
PLOM0032;UNT;425.00;425.00;1.00
PLOM0033;UNT;275.00;275.00;1.00
PLOM0034;UNT;450.00;450.00;1.00
PLOM0035;UNT;500.00;500.00;1.00
PLOM0036;UNT;550.00;550.00;1.00
PLOM0037;UNT;500.00;500.00;1.00
PLOM0038;UNT;350.00;350.00;1.00
PLOM0039;UNT;350.00;350.00;1.00
PLOM0040;UNT;450.00;450.00;1.00
PLOM0041;UNT;500.00;500.00;1.00
PLOM0042;UNT;550.00;550.00;1.00
PLOM0043;UNT;150.00;150.00;1.00
PLOM0044;UNT;100.00;100.00;1.00
PLOM0045;UNT;200.00;200.00;1.00
PLOM0046;UNT;250.00;250.00;1.00
PLOM0047;UNT;50.00;50.00;1.00
PLOM0048;UNT;90.00;90.00;1.00
PLOM0049;UNT;2700.00;2700.00;1.00
PLOM0050;UNT;3500.00;3500.00;1.00
PLOM0051;UNT;1200.00;1200.00;1.00
PLOM0052;UNT;1298.00;1298.00;1.00
PLOM0053;UNT;2500.00;2500.00;1.00
PLOM0054;UNT;1600.00;1600.00;1.00
PLOM0055;UNT;175.00;175.00;1.00
PLOM0056;UNT;800.00;800.00;1.00
PLOM0057;UNT;700.00;826.00;1.00
PLOM0058;UNT;800.00;800.00;1.00
PLOM0059;UNT;120.00;142.00;1.00
PLOM0060;UNT;2000.00;2000.00;1.00
PLOM0061;UNT;14500.00;14500.00;1.00
PLOM0062;UNT;200.00;200.00;1.00
PLOM0063;UNT;23000.00;23000.00;1.00
PLOM0064;UNT;100.00;100.00;1.00
PLOM0065;UNT;800.00;800.00;1.00
PLOM0066;UNT;350.00;350.00;1.00
PLOM0067;UNT;450.00;450.00;1.00
PLOM0068;UNT;3600.00;3600.00;1.00
PLOM0069;UNT;1500.00;1500.00;1.00
PLOM0070;UNT;1350.00;1350.00;1.00
PLOM0071;UNT;1400.00;1400.00;1.00
PLOM0072;UNT;50.00;50.00;1.00
PLOM0073;UNT;60.00;60.00;1.00
PLOM0074;UNT;150.00;150.00;1.00
PLOM0075;UNT;500.00;500.00;1.00
PLOM0076;UNT;400.00;400.00;1.00
PLOM0077;UNT;60.00;60.00;1.00
PLOM0078;UNT;125.00;125.00;1.00
PLOM0079;UNT;150.00;150.00;1.00
PLOM0080;UNT;200.00;200.00;1.00
PLOM0081;UNT;2000.00;2000.00;1.00
PLOM0082;UNT;7000.00;7000.00;1.00
PLOM0083;UNT;7000.00;7000.00;1.00
PLOM0084;UNT;500.00;500.00;1.00
PLOM0085;UNT;5000.00;5900.00;1.00
PLOM0086;UNT;0.00;0.00;1.00
PLOM0087;UNT;400.00;400.00;1.00
PLOM0089;UNT;300.00;300.00;1.00
PLOM0090;UNT;250.00;250.00;1.00
PLOM0091;UNT;250.00;250.00;1.00
PLOM0092;UNT;300.00;300.00;1.00
PLOM0093;UNT;3000.00;3000.00;1.00
PLOM0094;UNT;75.00;75.00;1.00
PLOM0095;UNT;50.00;50.00;1.00
PLOM0096;UNT;60.00;60.00;1.00
PLOM0097;UNT;50.00;50.00;1.00
PLOM0098;UNT;6500.00;6500.00;1.00
PLOM0099;UNT;200.00;200.00;1.00
PLOM0102;UNT;4200.00;4200.00;1.00
PLOM0105;UNT;1000.00;1000.00;1.00
PLOM0106;CART-12;35000.00;41300.00;12.00
PLOM0106;UNT;1500.00;1770.00;1.00
PLOM0107;CART24B;65000.00;65000.00;24.00
PLOM0107;UNT;1800.00;1800.00;1.00
PLOM0108;M;1800.00;1800.00;1.00
PLOM0108;UNT;65000.00;65000.00;1.00
PLOM0109;UNT;550.00;550.00;1.00
PLOM0110;UNT;800.00;800.00;1.00
PLOM0111;UNT;700.00;700.00;1.00
PLOM0112;UNT;4000.00;4000.00;1.00
PLOM0113;UNT;250.00;250.00;1.00
PLOM0114;UNT;75.00;75.00;1.00
PLOM0115;UNT;1300.00;1300.00;1.00
PLOM0116;UNT;500.00;500.00;1.00
PLOM0117;UNT;500.00;500.00;1.00
PLOM0118;UNT;700.00;700.00;1.00
PLOM0119;UNT;1550.00;1550.00;1.00
PLOM0120;UNT;1725.00;1725.00;1.00
PLOM0121;UNT;1250.00;1250.00;1.00
PLOM0122;UNT;1400.00;1400.00;1.00
PLOM0123;UNT;1450.00;1450.00;1.00
PLOM0124;UNT;1650.00;1650.00;1.00
PLOM0125;UNT;2100.00;2100.00;1.00
PLOM0126;UNT;2250.00;2250.00;1.00
PLOM0127;CART-25;2350.00;2350.00;1.00
PLOM0128;UNT;2450.00;2450.00;1.00
PLOM0129;UNT;2350.00;2350.00;1.00
PLOM0130;UNT;1300.00;1300.00;1.00
PLOM0131;UNT;11000.00;11000.00;1.00
PLOM0132;UNT;700.00;700.00;1.00
PLOM0133;UNT;6000.00;6000.00;1.00
PLOM0134;UNT;20000.00;20000.00;1.00
PLOM0135;UNT;700.00;700.00;1.00
PLOM0136;PAIRE;125.00;147.50;1.00
PLOM0137;UNT;750.00;750.00;1.00
PLOM0138;UNT;225.00;265.50;1.00
PLOM0139;UNT;225.00;225.00;1.00
PLOM0140;UNT;250.00;250.00;1.00
PLOM0141;UNT;250.00;250.00;1.00
PLOM0142;UNT;900.00;1062.00;1.00
PLOM0143;UNT;875.00;875.00;1.00
PLOM0144;UNT;2450.00;2450.00;1.00
PLOM0145;UNT;7500.00;8850.00;1.00
PLOM0146;UNT;1000.00;900.00;1.00
PLOM0151;UNT;12000.00;12000.00;1.00
PLOM0152;UNT;11000.00;11000.00;1.00
PLOM0153;UNT;10500.00;10500.00;1.00
PLOM0154;UNT;3000.00;3000.00;1.00
PLOM0155;UNT;2400.00;2400.00;1.00
PLOM0156;RLX-50;13500.00;13500.00;1.00
PLOM0157;UNT;2300.00;2300.00;1.00
PLOM0158;UNT;5000.00;5000.00;1.00
PLOM0159;UNT;800.00;800.00;1.00
PLOM0160;UNT;500.00;500.00;1.00
PLOM0161;UNT;6200.00;6200.00;1.00
PLOM0162;UNT;375.00;375.00;1.00
PLOM0163;UNT;1200.00;1200.00;1.00
PLOM0164;UNT;700.00;700.00;1.00
PLOM0165;UNT;500.00;500.00;1.00
PLOM0166;UNT;6000.00;6000.00;1.00
PLOM0167;UNT;11000.00;11000.00;1.00
PLOM0168;BID -1;1000.00;1000.00;1.00
PLOM0168;CART-12L;8000.00;8000.00;12.00
PLOM0169;BID -1;650.00;650.00;1.00
PLOM0169;CART-12L;8000.00;8000.00;12.00
PLOM0170;UNT;9000.00;9000.00;1.00
PLOM0171;UNT;9000.00;9000.00;1.00
PLOM0172;UNT;9000.00;9000.00;1.00
PLOM0173;UNT;63000.00;63000.00;1.00
PLOM0174;UNT;8000.00;8000.00;1.00
PLOM0175;UNT;400.00;400.00;1.00
PLOM0176;UNT;125.00;125.00;1.00
PLOM0177;UNT;16500.00;16500.00;1.00
PLOM0178;UNT;21000.00;21000.00;1.00
PLOM0179;UNT;6000.00;6000.00;1.00
PLOM0180;UNT;11000.00;11000.00;1.00
PLOM0181;UNT;3500.00;3500.00;1.00
PLOM0182;UNT;18000.00;18000.00;1.00
PLOM0183;UNT;5000.00;5000.00;1.00
PLOM0184;UNT;700.00;700.00;1.00
PLOM0185;UNT;1700.00;1700.00;1.00
PLOM0186;UNT;3800.00;3800.00;1.00
PLOM0187;UNT;800.00;800.00;1.00
PLOM0188;UNT;300.00;300.00;1.00
PLOM0189;UNT;1650.00;1947.00;1.00
PLOM0190;UNT;1300.00;1534.00;1.00
PLOM0191;UNT;500.00;500.00;1.00
PLOM0192;UNT;1675.00;1976.00;1.00
PLOM0193;UNT;22000.00;22000.00;1.00
PLOM0194;UNT;600.00;600.00;1.00
PLOM0195;UNT;600.00;600.00;1.00
PLOM0196;UNT;600.00;600.00;1.00
PLOM0197;UNT;1050.00;1050.00;1.00
PLOM0198;UNT;1050.00;1050.00;1.00
PLOM0199;UNT;26500.00;26500.00;1.00
PLOM0200;UNT;14500.00;14500.00;1.00
PLOM0201;UNT;375.00;375.00;1.00
PLOM0202;UNT;400.00;400.00;1.00
PLOM0203;UNT;375.00;375.00;1.00
PLOM0204;UNT;350.00;350.00;1.00
PLOM0205;UNT;200.00;200.00;1.00
PLOM0206;UNT;2800.00;2800.00;1.00
PLOM0207;UNT;5000.00;5000.00;1.00
PLOM0208;UNT;53000.00;53000.00;1.00
PLOM0210;UNT;2500.00;2500.00;1.00
PLOM0211;UNT;3000.00;3000.00;1.00
PLOM0212;UNT;2300.00;2300.00;1.00
PLOM0213;UNT;2800.00;2800.00;1.00
PLOM0214;UNT;2300.00;2300.00;1.00
PLOM0215;UNT;1200.00;1200.00;1.00
PLOM0216;UNT;1500.00;1500.00;1.00
PLOM0217;UNT;350.00;350.00;1.00
PLOM0218;UNT;250.00;250.00;1.00
PLOM0219;UNT;100.00;100.00;1.00
PLOM0220;UNT;80.00;80.00;1.00
PLOM0221;UNT;200.00;200.00;1.00
PLOM0222;UNT;850.00;850.00;1.00
PLOM0223;UNT;1550.00;1550.00;1.00
PLOM0224;UNT;3776.00;3776.00;1.00
PLOM0225;UNT;2600.00;2600.00;1.00
PLOM0226;UNT;1700.00;2006.00;1.00
PLOM0227;UNT;1200.00;1416.00;1.00
PLOM0228;UNT;650.00;650.00;1.00
PLOM0229;UNT;650.00;650.00;1.00
PLOM0230;UNT;6000.00;6000.00;1.00
PLOM0231;UNT;5000.00;5000.00;1.00
PLOM0232;UNT;1400.00;1400.00;1.00
PLOM0233;UNT;1500.00;1500.00;1.00
PLOM0234;UNT;3500.00;3500.00;1.00
PLOM0235;UNT;225.00;225.00;1.00
PLOM0236;CART-25;7500.00;7500.00;1.00
PLOM0237;ACID 30;13500.00;13500.00;1.00
PLOM0238;UNT;60000.00;60000.00;1.00
PLOM0239;UNT;5500.00;5500.00;1.00
PLOM0240;UNT;1700.00;1700.00;1.00
PLOM0241;UNT;6000.00;6000.00;1.00
PLOM0242;UNT;8500.00;10030.00;1.00
PLOM0243;UNT;600.00;600.00;1.00
PLOM0244;UNT;350.00;350.00;1.00
PLOM0245;UNT;1700.00;1700.00;1.00
PLOM0246;UNT;4237.29;5000.00;1.00
PLOM0247;UNT;2700.00;2288.00;1.00
PLOM0248;UNT;847.45;1000.00;1.00
PLOM0249;UNT;423.73;500.00;1.00
PLOM0250;UNT;10000.00;10000.00;1.00
PLOM0251;UNT;1694.91;2000.00;1.00
PLOM0252;UNT;932.20;1100.00;1.00
PLOM0253;UNT;4237.28;5000.00;1.00
PLOM0254;UNT;7627.11;9000.00;1.00
PLOM0255;UNT;17796.61;21000.00;1.00
PLOM0256;UNT;6779.66;8000.00;1.00
PLOM0257;UNT;3389.83;4000.00;1.00
PLRA0001;UNT;2118.64;2500.00;1.00
PLRA0002;UNT;1694.91;2000.00;1.00
PLRA0003;UNT;1694.91;2000.00;1.00
PLRA0004;UNT;12711.86;15000.00;1.00
PLRA0005;UNT;3389.83;4000.00;1.00
PLRA0008;UNT;0.84;1.00;1.00
PLRA0009;UNT;0.84;1.00;1.00
PLRA0011;UNT;1271.18;1500.00;1.00
PLRA0012;UNT;0.84;1.00;1.00
PLRA0014;UNT;0.84;1.00;1.00
PLRA0015;UNT;0.84;1.00;1.00
PLRA0016;UNT;0.84;1.00;1.00
PLRA0017;UNT;0.84;1.00;1.00
PLRA0018;CART-25;0.84;1.00;1.00
PLRA0019;UNT;0.84;1.00;1.00
PLRA0020;UNT;0.84;1.00;1.00
PLRA0021;UNT;0.84;1.00;1.00
PLRA0022;UNT;0.84;1.00;1.00
PLRA0023;UNT;0.84;1.00;1.00
PLRA0024;UNT;0.84;1.00;1.00
PLRA0025;UNT;0.85;1.00;1.00
PLRA0026;UNT;0.84;1.00;1.00
PLRA0027;UNT;0.84;1.00;1.00
PLRA0028;UNT;0.84;1.00;1.00
PLRA0029;CART-25;0.84;1.00;1.00
PLRA0030;UNT;0.84;1.00;1.00
PLRA0031;UNT;0.84;1.00;1.00
PLRA0032;UNT;0.84;1.00;1.00
PLRA0033;UNT;0.84;1.00;1.00
PLRA0034;UNT;211.86;250.00;1.00
PLRA0035;UNT;169.49;200.00;1.00
PLRA0036;UNT;211.86;250.00;1.00
PLRA0037;UNT;1016.94;1200.00;1.00
PLRA0038;UNT;211.86;250.00;1.00
PLRO0001;UNT;4237.28;5000.00;1.00
PLRO0002;UNT;4661.01;5500.00;1.00
PLRO0003;UNT;2118.64;2500.00;1.00
PLRO0004;UNT;1694.91;2000.00;1.00
PLTU0001;UNT;1949.15;2300.00;1.00
PLTU0002;UNT;0.84;1.00;1.00
PLTU0003;UNT;0.84;1.00;1.00
PLTU0004;UNT;0.84;500.00;1.00
PLTU0005;UNT;0.84;1.00;1.00
PLTU0006;UNT;10593.22;12500.00;1.00
PLTU0007;UNT;1694.91;2000.00;1.00
SER00001;UNT;10000.00;10000.00;1.00
SER00002;UNT;5500.00;5500.00;1.00
SER00003;CART-25;6500.00;6500.00;1.00
SER00004;UNT;6500.00;6500.00;1.00
SER00005;CART-12;25500.00;25500.00;12.00
SER00007;UNT;3600.00;3600.00;1.00
SER00008;UNT;3600.00;3600.00;1.00
SER00009;UNT;2100.00;2100.00;1.00
SER00010;UNT;1350.00;1350.00;1.00
SER00011;UNT;900.00;900.00;1.00
SER00012;UNT;1100.00;1100.00;1.00
SER00013;UNT;1100.00;1100.00;1.00
SER00014;UNT;4100.00;4100.00;1.00
SER00015;UNT;670.00;670.00;1.00
SER00016;UNT;1550.00;1550.00;1.00
SER00017;UNT;12300.00;12300.00;1.00
SER00018;UNT;9400.00;9400.00;1.00
SER00019;UNT;12000.00;12000.00;1.00
SER00020;UNT;8000.00;8000.00;1.00
SER00021;UNT;4500.00;4500.00;1.00
SER00022;UNT;3813.55;4500.00;1.00
SER00023;UNT;4237.28;5000.00;1.00
SER00024;UNT;3389.83;4000.00;1.00
SER00025;UNT;4237.28;5000.00;1.00
SOUD0001;UNT;1800.00;1800.00;1.00
SOUD0002;UNT;8500.00;8500.00;1.00
SOUD0003;UNT;12500.00;12500.00;1.00
SOUD0004;UNT;2800.00;2800.00;1.00
SOUD0005;UNT;1000.00;1000.00;1.00
SOUD0006;UNT;5000.00;5000.00;1.00
SOUD0007;UNT;15500.00;15500.00;1.00
SOUD0008;UNT;3000.00;3540.00;1.00
SOUD0009;UNT;5200.00;6136.00;1.00
SOUD0010;UNT;2050.00;2419.00;1.00
SOUD0011;UNT;3350.00;3953.00;1.00
SOUD0012;UNT;2650.00;3127.00;1.00
SOUD0013;UNT;4200.00;3540.00;1.00
SOUD0014;UNT;5850.00;5850.00;1.00
SOUD0016;CART-4;13700.00;16166.00;4.00
SOUD0017;UNT;900.00;900.00;1.00
SOUD0018;UNT;1300.00;1000.00;1.00
SOUD0019;UNT;13500.00;13500.00;1.00
SOUD0020;UNT;15000.00;15000.00;1.00
SOUD0021;UNT;5000.00;5900.00;1.00
SOUD0022;UNT;6000.00;6000.00;1.00
SOUD0023;SAC-100;40000.00;40000.00;100.00
SOUD0023;UNT;400.00;400.00;1.00
SOUD0024;SAC-100;40000.00;40000.00;100.00
SOUD0024;UNT;400.00;400.00;1.00
SOUD0025;UNT;4661.01;5500.00;1.00
SOUD0026;UNT;9322.03;11000.00;1.00
SOUD0027;UNT;7627.11;9000.00;1.00
SOUD0028;UNT;11864.40;14000.00;1.00
SOUD0029;UNT;3220.33;3800.00;1.00
SOUD0030;UNT;847.45;1000.00;1.00
SOUD0033;CART;20338.98;24000.00;5.00
SOUD0033;PAQ;4237.28;5000.00;1.00
SOUD0033;UNT;84.74;100.00;1.00
SOUD0034;CART;20338.98;24000.00;5.00
SOUD0034;PAQ;4237.28;5000.00;1.00
SOUD0034;UNT;84.74;100.00;1.00
SOUD0035;UNT;7627.12;9000.00;1.00
SOUD0036;UNT;7627.11;9000.00;1.00
SOUD0037;UNT;5932.20;7000.00;1.00
SOUD0038;UNT;7627.11;9000.00;1.00
SOUD0039;UNT;1694.91;2000.00;1.00
SOUD0040;UNT;2838.98;3350.00;1.00
SOUD0041;UNT;1822.03;2150.00;1.00
SOUD0042;UNT;7754.23;9150.00;1.00
SOUD0043;UNT;25423.72;30000.00;1.00
SOUD0044;UNT;30508.47;36000.00;1.00
SOUD0045;UNT;24152.54;28500.00;1.00
SOUD0046;UNT;3389.83;4000.00;1.00
SOUD0047;UNT;3813.55;4500.00;1.00
SOUD0048;UNT;12711.86;15000.00;1.00
SOUD0049;UNT;847.45;1000.00;1.00
SOUD0050;UNT;847.45;1000.00;1.00
SOUD0051;UNT;4237.28;5000.00;1.00
SOUD0053;UNT;3220.33;3800.00;1.00
SOUD0054;UNT;25423.72;30000.00;1.00
SOUD0056;UNT;15254.23;18000.00;1.00
SOUD0057;UNT;4237.28;5000.00;1.00
SOUD0058;UNT;7203.38;8500.00;1.00
SOUD0060;UNT;5508.47;6500.00;0.00
SOUD0061;UNT;5084.74;6000.00;1.00
SOUD0062;UNT;5932.20;7000.00;1.00
SOUD0063;UNT;5932.20;7000.00;1.00
SOUD0064;UNT;3559.32;4200.00;1.00
SOUD0065;FEUITOLE;16949.15;20000.00;1.00
SOUD0066;UNT;4237.28;5000.00;1.00
SOUD0067;UNT;4237.28;5000.00;1.00
SOUD0068;UNT;4237.28;5000.00;1.00
SOUD0069;UNT;4237.28;5000.00;1.00
SOUD0070;UNT;4237.28;5000.00;1.00
